,Tweet, No. Likes,Time,No. Retweets
0,"@stcpay_ksa @Ayman_Got ูููู ุชุฑุฏูู ุฎุงุต ุุ 
ูููุณู ุฎุตูุช ูู ุจุทุงูุชู ุงูุงุฆุชูุงูู ูุฏุฎู ุฑุจุน ุงููุจูุบ ูู ุงุณ ุชู ุณู ุจุงู
ููู ุฑุงุญุช ูููุณู ุงูุจุงูููุุ
ุจุงูุฎุงุต ุฒูุฏุชูู ุจูู ุดู ูุจุงูุตูุฑ",0,2022-02-24 08:42:12+00:00,0
1,@messaalive1 ุนูุฏู ุงุณ ุชู ุณู ุจุงู,0,2022-02-24 08:37:41+00:00,0
2,"@zaz__k ุงูุฑุงุฌุญู
 ุงูุฃููู
 ุฅุณ ุชู ุณู ุจุงู",0,2022-02-24 06:29:50+00:00,0
3,"@AppMrsool @AppMrsool

#ูุฑุณูู
ุซูุงุซู ุงูุงู ูุชุชุงููู ููู ูุชู ุชุญููู ุงููุจูุบ ุงููุฏููุน ูููุฉ ูุดุชุฑูุงุช ูุฏููุนู ูู ุงูุนููู
ููุชู ูุดููู ูู ุงุณ ุชู ุณู ุจุงู ูููุง ุทูุจ ูุบูุฑ ุงูุญุณุงุจ ุงูุจููู ุบูุฑูุง ุงูุญุณุงุจ ุงูุจููู ูุง ุจูู ููู ุนุฐุฑ #ููู_ุงููููุณ_ูุงูุฑุณูู",0,2022-02-24 05:49:05+00:00,0
4,"@ShawarmerSA @AppMrsool @AppMrsool

#ูุฑุณูู
ุซูุงุซู ุงูุงู ูุชุชุงููู ููู ูุชู ุชุญููู ุงููุจูุบ ุงููุฏููุน ูููุฉ ูุดุชุฑูุงุช ูุฏููุนู ูู ุงูุนููู
ููุชู ูุดููู ูู ุงุณ ุชู ุณู ุจุงู ูููุง ุทูุจ ูุบูุฑ ุงูุญุณุงุจ ุงูุจููู ุบูุฑูุง ุงูุญุณุงุจ ุงูุจููู ูุง ุจูู ููู ุนุฐุฑ #ููู_ุงููููุณ_ูุงูุฑุณูู",0,2022-02-24 05:46:47+00:00,0
5,"@AppMrsool

#ูุฑุณูู
ุซูุงุซู ุงูุงู ูุชุชุงููู ููู ูุชู ุชุญููู ุงููุจูุบ ุงููุฏููุน ูููุฉ ูุดุชุฑูุงุช ูุฏููุนู ูู ุงูุนููู
ููุชู ูุดููู ูู ุงุณ ุชู ุณู ุจุงู ูููุง ุทูุจ ูุบูุฑ ุงูุญุณุงุจ ุงูุจููู ุบูุฑูุง ุงูุญุณุงุจ ุงูุจููู ูุง ุจูู ููู ุนุฐุฑ #ููู_ุงููููุณ_ูุงูุฑุณูู",0,2022-02-24 04:12:28+00:00,0
6,@stcpay_ksa ุงูุณูุงู ุนูููู ูุฑุญูุฉ ุงููู ุุุณููุช ุชุบุฐูุฉ ูููุญูุธู ูู ููู ุงูุงุซููู ูุงููููุณ ุงูุฎุตูุช ูู ุญุณุงุจู ูู ุงูุจูู ููููุง ูู ุชุตู ุงุณ ุชู ุณู ุจุงู ุงูุด ุงูุญูุ,0,2022-02-24 03:46:14+00:00,0
7,@lutf1414 ุทูุจ ู ุงุณ ุชู ุณู ุจุงู ููู ุงุฏุฎู ูููุง ุงูุตุงูุงุชุ,0,2022-02-23 23:02:59+00:00,0
8,RT @sakoony1400: @Nasrawi8 @senani87 ุงูุง ูุซูู ูุง ููุช ุงุนุฑู ุดู ุจู ููู ุทูุจุช ูู ุดุฑูุฉ ุณูุงุฑ ููุงุฏ ุบุฐุงุฆูุฉ ู ููู ุฌุงูู ุณูุงู ุงูุซูุงุฌุฉ ุทูุน ูุงูุนู ุดุจูุฉ ูุงโฆ,0,2022-02-23 22:04:32+00:00,1
9,@Nasrawi8 @senani87 ุงูุง ูุซูู ูุง ููุช ุงุนุฑู ุดู ุจู ููู ุทูุจุช ูู ุดุฑูุฉ ุณูุงุฑ ููุงุฏ ุบุฐุงุฆูุฉ ู ููู ุฌุงูู ุณูุงู ุงูุซูุงุฌุฉ ุทูุน ูุงูุนู ุดุจูุฉ ูุงูุง ูุง ูุนู ูุงุด ูุงู ุนูุฏ ุงุณ ุชู ุณู ุจุงู ููุช ูุง ุนูููู ุนูู ููุฒูุชู ู ูุนูุชู ู ุดุญูุชู ูุญุงุณุจุชู ุจุฏูุงูู ููู ููููุง ูููุงู ู ุงูุง ููุนูู ๐๐ป,2,2022-02-23 22:02:08+00:00,1
10,RT @Nasserr_su: @sakoony1400 ุชุฑู ูู ููุทุฉ ุซุงููู ุจุทุงูุฉ ุงุณ ุชู ุณู ุจุงู ูููุฑ ุจุงู ูููุง ููุฒุง ููุท ููุซูุฑ ุงูุงูู ุดุฑุงุก ุงุฐุง ุญุท ุญุท ูู ูุฏู ูุงูู ุนูู ุงูุดุงุฑุนโฆ,0,2022-02-23 20:50:27+00:00,1
11,@sakoony1400 ุชุฑู ูู ููุทุฉ ุซุงููู ุจุทุงูุฉ ุงุณ ุชู ุณู ุจุงู ูููุฑ ุจุงู ูููุง ููุฒุง ููุท ููุซูุฑ ุงูุงูู ุดุฑุงุก ุงุฐุง ุญุท ุญุท ูู ูุฏู ูุงูู ุนูู ุงูุดุงุฑุน ูุงูู ูู ุฐุง ุงูุงุฌูุฒู ูุงููุง ุชุงุฎุฐ ูุณุจุฉ ููู ู ุถุฑูุจุฉ ูุณุฌูุฉ ุจูููู ูุงุฒู ุณุฌู ุชุฌุงุฑู ููุณุชุญูู ูุฌูุจ ุงูุง ุงุฐุง ุชูุณุน ููุงู ูุซู ุงูููุฏ ุชุฑู,2,2022-02-23 20:49:37+00:00,1
12,@DNS_Sys @CydiaiOS15 ูุจู ุญู ู ุงุณ ุชู ุณู ุจุงู ุน ุงุตุฏุงุฑ 14.8,0,2022-02-23 20:48:20+00:00,0
13,"RT @f967w: @stcpay_ksa ุจูุงุด ุชุตุฑูู ููุญุชุฏุซู ูุชุงุจูู ููุฏุฑู ุงูุด.. ุฑุฌุงุกุง ุงูุง ูุจ ุญู ุนูุฏูู ูุงุทุงูุจูู ุจุญูู

ูุฑุฌู ุงูุงุชุตุงู ุจู ุนูู ุงูุฑูู ุงููู ุจุงูุฎุงุต ูุจูโฆ",0,2022-02-23 17:11:35+00:00,1
14,@stcpay_ksa ูุฑุญุจุง ุญููุช ูู ุญุณุงุจู ุงูุจููู ูุจูุบ 10 ุงูู ูุชู ุงูุฎุตู ููุตู ุงูู ุญุณุงุจู ุงุณ ุชู ุณู ุจุงู ูุงูุต 150 ุฑูุงู ุชูุฑูุจุงุ,0,2022-02-23 15:59:03+00:00,0
15,"@stcpay_ksa ุจูุงุด ุชุตุฑูู ููุญุชุฏุซู ูุชุงุจูู ููุฏุฑู ุงูุด.. ุฑุฌุงุกุง ุงูุง ูุจ ุญู ุนูุฏูู ูุงุทุงูุจูู ุจุญูู

ูุฑุฌู ุงูุงุชุตุงู ุจู ุนูู ุงูุฑูู ุงููู ุจุงูุฎุงุต ูุจูุงุด ุชุทููุด ุงุฑูุฏ ูููุณู

ูุงูุชู ูุง ูุชุงุจุนูู ุงูุตูุญู ุญูู ุจููู ูุจูู ุงุณ ุชู ุณู ุจุงู",2,2022-02-23 15:46:08+00:00,1
16,ุญุฑูุฉ ุชูุณูู ุงููุงุชูุฑู ุงูุฌุฏูุฏู ุจุงูุฑุงุฌุญู ุญููู ุจุฏู ุงุณ ุชู ุณู ุจุงู ุงููู ูุงูุฏ ุงุดุชุบู,0,2022-02-23 15:28:15+00:00,0
17,@stcpay_ksa ูุงุฎู ุงูุง ุญููุช ูู ุจุงู ุงุณ ุชู ุณู ุงูู ุจูู ูุญูู ู ุงูุจูู ูู ูุชุนูู ูุนุงูู ูู ุชุณุชุบุฑู ุงูุญูุงูุฉ,0,2022-02-23 13:35:35+00:00,0
18,@mrmandoobapp ุณูุงู ุนูููู ูุฑุญูุฉ ุงููู ูุจุฑูุงุชู ู ุงุฎูุงูู ุงูุง ูุตูุช ุงูุทูุจ ู ุงูุนููู ุฃุนุทุงูู ุงููุจูุบ ุนู ุทุฑูู ุงุจู ุจุงู ูุงูุง ุงูุง ุงูุงู ูู ุงุณุชูู ูุจูุบ ุงูุฐู ุงุณุชุญู ูู ุญุณุงุจู ุงุณ ุชู ุณู ุจุงู ุนููุง ููุณ ูุฏู ุญุณุงุจ ูู ุจูู ุงูุงูููุ ูุชู ุชุญูููู ูููุณู ูู ุญุณุงุจู ูุฒ ุงูู ุชู ุญู ูุดููุฉ ุงูุตูุงูุฉ ุนูุฏ ุงุณ ุชู ุณู ุจุงู ุงูุฑุฌุงุก ูููู ุงูุฅุฌุงุจุฉ,0,2022-02-23 13:02:24+00:00,0
19,@Alll0001111 @marwon2020 ููููููู ูุงุนูุฑู ุดูู ุชุนูููู ุนู ุจุฌุงูุชู ูุงู ุจุงูุตููู. ุนุทููู ุงุณ ุชู ุณู ุจุงู ุญูู ุงุญููู ุญุจูุจุชู ุชุฌุฏุฏูู ุจุฌุงูุชู ูุชุทูุนูู ุชุณุชุงูุณูู ุจุญูุงุชู ุจุฏุงู ุงููุนุฏู ุจุงูุจูุช ู ุงูุณุจ ุจุงุนุฑุงุถ ุงูุจูุงุช ููู ุงูุชู ุนุดุงู ุชุญูููู ุงุตูุงูุ ุงููู ูุฒูู ุงุดูุงูู ุงุดูุงู ุงูุณููุฏู ุนุงุฌู ุบูุฑ ุงุฌู,0,2022-02-23 11:45:20+00:00,0
20,@stcpay_ksa ุงูุณูุงู ุนูููู ููููู ุงุฏู ูุญุฏ ูุฑุฏ ุนุงูุฑูู ุงูููุญุฏ ููู ูุจูุบ ุญููุชู ูู ุงุจู ุจุงู ุงูู ุงุณ ุชู ุณู ุจุงู ูููุญูู ูุง ูุตู ุงูุจูู ูููู ุงูุนูููู ุตุญูุญู ูู ุฌูุชูู,0,2022-02-23 11:23:37+00:00,0
21,@sh3bwy21 ุฃุชุญุฏู ูู ุนูุฏู ุญุณุงุจ ุณุนูุฏูุ ูุง ูุงุนูุฏู ุงุณ ุชู ุณู ุจุงู ุจุณ ุชุนุงู ุฎุงุต ุนุทูู ุฑูู ุญุณุงุจู ููุง ุฑูู ุฌูุงูู ูุฃูุง ุฃุญููู ูู,1,2022-02-23 11:03:27+00:00,0
22,RT @sd0n0: @SAMAcares @stcpay_ksa ุดููู ุญู ูุนุงูู ุณุฑูู ูููุณู ูุงูู ุงูููู ุตุงุฑ ูู 3 ุงุณุงุจูุน ููุงุทูู ูุนุงูู ุญููุช ุงููููุณ ูู ูุฑูู ูุญุณุงุจู ูู ุงุณ ุชู ุณู ุจโฆ,0,2022-02-23 10:59:33+00:00,1
23,@AppMrsool ูุตููู ุงูุทูุจ ูููุด ูููุณ ุจุณ ุฑุงูุถ ูุญูู ูู ุงุณ ุชู ุณู ุจุงู ูุด ุงููุดููู ุ ููู ููู ุทุฑููุฉ ุฏูุน ุซุงูููุ,0,2022-02-23 10:58:08+00:00,0
24,@Ra_qD0 ูุง ุจุญูู ูู ูู ุญุณุงุจุงุชู ูู ุงูุณุนูุฏูุฉ. ุนูุฏู ุงุณ ุชู ุณู ุจุงูุ,0,2022-02-23 10:47:48+00:00,0
25,@SAMAcares @stcpay_ksa ุดููู ุญู ูุนุงูู ุณุฑูู ูููุณู ูุงูู ุงูููู ุตุงุฑ ูู 3 ุงุณุงุจูุน ููุงุทูู ูุนุงูู ุญููุช ุงููููุณ ูู ูุฑูู ูุญุณุงุจู ูู ุงุณ ุชู ุณู ุจุงู ูุณุญุจู ุนููู ูุงุนุทููู ุญูู ุงุณ ุชู ุณู ุจุงู ุงุชููู ุชุดูููู ุญู ูุนุงูู,0,2022-02-23 10:43:34+00:00,1
26,@qvREuxmgmv5K3yK @CaptainsKSA @SaudiTransport ุชูู ูุงุดูุช ุดู ูููู ูุงููู ููุฑูููู ู ุงูุชุชุทุจูู ุงุทูุจูู ูกูู ุฑูุงู ูุญูููุง ูู ููู ุงูุงุญุฏ ู ุงุณ ุชู ุณู ุจุงู ููุง ูุตูุช ุณูููู ุน ุชุชุทุจูู ุจููุช ูุฌููู ูุงูุจุฑ . ููุฑูู ุฎูู ูุฎูุณุณ ูุงุญูู ุจููู ูุฌููู ุนุดุงู ูุญุชุฑููู ุงููุจุงุชูู ๐๐ป,0,2022-02-23 08:27:28+00:00,0
27,@stcpay_ksa ูู ุงูุณุจุช ุงููู ุฑุงุญ ุงูู ุงูููู ูุงุงุณุชููุช ุญูุงูุชู ูุญููุฉ ูุจูุบ ุจูููุฉ ูฅูู ุฑูุงู ูู ุงุณ ุชู ุณู ุจุงู ูุญุณุงุจ ูู ุงูุฑุงุฌุญู ู ุงุชูุงุตู ูุนูู ุนูู ูู ููุงู ููุงููู ุงู ุฑุฏ ุงูุด ุงูุชูุงุนุจ ูุฐุง ุงูู ูุชู ุจูุงุญู !! @SAMA_GOV,0,2022-02-23 08:14:04+00:00,0
28,@CITC_withU @stccare_ksa ุงูุณูุงู ุนูููู  ุงุจุบุง ุงุฑูุน ุดููู ุนูู ุงุณ ุชู ุณู ุจุงู ุณููุช ุชุบุฐูุฉ ูููุญูุธู. ูุจู ุซูุงุซ ุงูุงู ูุงููููุณ ุบูุฑ ููุฌูุฏุฉ ููุง ููุฌุฏ ุฑุฏ ูููู ุนูู ุงูุฑุณุงูู ุจุชููุชุฑ ููุง ุงููุญุงุฏุซุงุช ุจุงูุชุทุจูู ููุง ุงูุงุชุตุงู,0,2022-02-23 06:53:33+00:00,0
29,ุงูุญูู ุจุนุฏ ูุง ุงุฑุณู ุฐู ุงูุชุบุฑูุฏุฉ ุฑุญ ุชููููุง ูู ุชู ุงูุชูุงุตู ูุนู ุนุจุฑ ุตูุฏูู ุงูุจุฑูุฏุ ุงุฑูุญ ููุงู ุชุนุทููู ุฑูู ุงุชุตู ุนูููุ ููุง ุฑุญ ุชุญููู ูุดููุชูุ ุงููู ูุฎูู stc pay ูุญููู ุงููุดููุฉ ูู ููุณ ุงูููุช ููุง ุนูุฏูู ุชุฃุฎูุฑ ุจุนูุณููุ ูู ูุฑุฌุน ุจู ุงูุฒูู ูุง ุงููุฑ ุงูู ุงูุชุญ ุนูุฏููุ ุงุณ ุชู ุณู ุจุงู ูุนุฒู ููุง ููุฑุจุงู ูุฐูู!,0,2022-02-23 06:48:46+00:00,0
30,@stcpay_ksa ุตุจุงุญ ุงูุฎูุฑ ุ ุญููุช ุงูุณ ูู ุงุณ ุชู ุณู ุจุงู ููุฑุงุฌุญู ุ ุฑุงุญ ุชูุตู ููู ุงูููุงูุฉ ุ,1,2022-02-23 04:35:04+00:00,0
31,@albalawi_2020 @stcpay_ksa ูููุง ููุณ ูุดููุชู ูุฏุฑู ูุด ุงููู ุชุบูุฑ ูู ุงูุชุญุฏูุซ ุงูุฌุฏูุฏ ุบูุฑ ูููุณูุง ุงููู ุฑุงุญุช ุงุชุตู ุนูู ุฎุฏูุฉ ุงูุนููุงุก ูููููู ุชูุงุตู ูุน ุงูุจูู ูุงุชุตู ุนูู ุงูุจูู ูููููู ุงุชุตู ุนูู ุฎุฏูุฉ ุนููุงุก ุงุณ ุชู ุณู ุจุงู ูุง ุนุฑููุง ูุด ูุณูู ูู ูุงุญุฏ ูุฑูููุง ุนูู ุงูุซุงููุ,2,2022-02-23 02:57:31+00:00,0
32,"@Theeban_ksa ูุนุงุฏ ูู ูุตุฏููู ููุง ุฑุฏูุฏ ููุง ุชุนูุถู ูู ูููุฑ ุญุชู ุชู ุงูุชุญููู ูู ุงุณ ุชู ุณู ุจุงู
ูุงูุตูุช ุงููููุณ ููุง ูู ุฑุฏ ููุง ุฑูู ูุฑุฌุนู ููุง ูู ูุงูุฏู",0,2022-02-23 02:04:00+00:00,0
33,"@AppMrsool ูุงุฌูุงุนู ููุง ูุชุฑุฉ ูุงุนุงุฏ ูุดุชุบู ูู ุชุงุฎุฑ ุงูุชุญููู ุนู ุงุณ ุชู ุณู ุจุงู 

ูููููููุดุ 

ููู ูุณูู ูููู ุดุบู 

ุงูุง ูุดุชุบู ููุณุชูู ูููุตู ุทูุจุงุช ููููุณูุง ูุงุชูุตู ุตุฑูุง ุฎุงูููู ููููุง ุดุบู

ูุงูู ูุนูููุฉ ูู ูุฐู ุงููุชุฑุฉ ุตูุงูุฉ

ุญุฑุงู ูุฐุง ูููู ููุง ูุดุชุบู ูุงูุงูููู",0,2022-02-22 23:43:58+00:00,0
34,@stcpay_ksa ุฏูุนุช ุจุจุทุงูู ุงุณ ุชู ุณู ุจุงู ูู ูููุน ูุชู ุงุฑุฌุงุนูุง ุฌุงุชูู ููุชูููุดู ุจุงุณ ุชู ุณู ุจุงู ุงููุง ุฏุฎูุช ุญุณุงุจู ููู ูุงุชู ุญุณุงุจูุง ุจุงูุฑุตูุฏ ูุนูู ูุงูุญุงู ูู ููููู ุชูุงุตูุช ูุนุงูู ุจูู ุงูุทุฑู ููุงูู ูุฌูุจ,0,2022-02-22 21:35:38+00:00,0
35,@HungerStation ูุง ุณุงูุญูู ุงูุงู ุงูุง ููุฏูุจ ุนูุฏูู ู ุญููุช ูููุณ ูู ุงููุญูุธุฉ ูุงูุฎุตูุช  ูู ุงููุญูุธุฉ ููุง ูุตูุช ู ุงุณ ุชู ุณู ุจุงู ุงููู ุงูุฏุนู ุจูููุฑ ูููู ุญูููุง ุงููููุณ ุฑุงุฌุน ูุน ุงุณ ุชู ุณู ุงููู ุงุณ ุชู ุณู ูููู ูุง ูุตููุง ุดู ููู ูุจูุณู ุฑุงุญุช ูฃูคูค ุฑูุงู ูุง ุจุณุงูุญูู ูููุง ูููู ุงูุฏูู,0,2022-02-22 21:16:44+00:00,0
36,RT @saty00473956: @stcpay_ksa ุงูุณูุงู ุนูููู ุญููุช ูุจูุบ ุนูู ุงุณ ุชู ุณู ุจุงู ูุฎุชูู ุงุฑุฌูุง ุงูุงุชุตุงู,0,2022-02-22 19:30:52+00:00,1
37,@stcpay_ksa ูุงุฎู ููุณููู ุฎุฏููููู ุงุณูุก ูู ุงูุณููููููุกุก ูุงููู ุงูุนุธููููู ุญุฑุงู ุงุญูู ุฐุง ุงูุชุทุจูู ุงูุญูู ูู ูฃ ุงูุงู ูุญูู ูู ุงุณ ุชู ุณู ุจุงู ูุญุณุงุจู ุงูุงููู ููุง ุชุญูู ููุง ุดู ู ูุญูู ูููุงุณ ููููู ูููููู ู ูุตูุช  ูุงุฎู ุดุฐุง ุงูุฎูุงุณ .,0,2022-02-22 19:02:16+00:00,0
38,@stcpay_ksa ุญููุช ูุจูุบ ูู ุงุณ ุชู ุณู ุจุงู ูุจูู ูุญูู ููู ุชุตู ุญุชู ุจุนุฏ ูุฑูุฑ 24 ุณุงุนู,0,2022-02-22 18:44:43+00:00,0
39,@Mobily ุงุณ  ุชู ุณู  ุจุงู ุทุงุฑุญู   22ุฌูุงู  ูุฏุงูุง ุจุชูุฒุนูุง ุงููููุฉ ุจูุฐู ุงูููุงุณุจุฉ ุงูุฌูููุฉ  ูุงูุชู ุฌูุงู ูุงุญุฏ ุจุณ ุงููู ูุณุงูุญูู,0,2022-02-22 18:20:18+00:00,0
40,RT @2dadi2: @stcpay_ksa @SAMA_GOV ุงุฑุฌู ุงููุธุฑ ูู ููุถูุน ูููุณูุง ุงููุนููู ูู ุงุณ ุชู ุณู ุจุงู ูุฑุจ ุงุณุจูุน ููุง ุญู ูู ุนุดุฑูู ุงูู ูุญููู ุฏููู ููุนููู,0,2022-02-22 15:08:38+00:00,2
41,RT @2dadi2: @stcpay_ksa @SAMA_GOV ุงุฑุฌู ุงููุธุฑ ูู ููุถูุน ูููุณูุง ุงููุนููู ูู ุงุณ ุชู ุณู ุจุงู ูุฑุจ ุงุณุจูุน ููุง ุญู ูู ุนุดุฑูู ุงูู ูุญููู ุฏููู ููุนููู,0,2022-02-22 14:28:34+00:00,2
42,"@SaudiBanks ุงูุณูุงู ุนูููู ูุฑุญูุฉ ุงููู ูุจุฑูุงุชู

ุงุฑุฌู ุงููุธุฑ ุงูู ุงุณ ุชู ุณู ุจุงู ูุนููู ูููุณูุง ูุน ุนุฏุฉ ุงูุงู ูุชูุงุตููุง ูุนูู ููุง ุญู ุงูุง ูุญูู ุนุดุฑูู ุงูู ููุนููู ุงููููุณ ูู ุนุฏุฉ ุงูุงู

ุงูุง ุจุณ ุงุจู ูููุณู @stc_ksa @stc @stccare_ksa @stcpay_ksa @stcbusiness_ksa @stcplay @stclive @STC_BHR @stc_kwt @specialized_stc",0,2022-02-22 14:23:18+00:00,0
43,@stcpay_ksa @SAMA_GOV ุงุฑุฌู ุงููุธุฑ ูู ููุถูุน ูููุณูุง ุงููุนููู ูู ุงุณ ุชู ุณู ุจุงู ูุฑุจ ุงุณุจูุน ููุง ุญู ูู ุนุดุฑูู ุงูู ูุญููู ุฏููู ููุนููู,1,2022-02-22 14:17:54+00:00,2
44,@stcpay_ksa @1KhaIifa ูู ุณูุญุชู ูุนูู ุนูุฏู ูุญูู ูู ุงุณ ุชู ุณู ุจุงู ุงูู ุงูุฑุงุฌุญู ูููุญูู ูุงูุตูุช ูุด ุงูุญู ุ,1,2022-02-22 12:28:54+00:00,0
45,@stcpay_ksa ุงูุง ูุญููู ูู ุญุณุงุจ ุงุณ ุชู ุณู ุจุงู ุงูู ุญุณุงุจู ุงูุฑุงุฌุญู ูู ููู ุงูุณุจุช ูุงูู ุงูููู ูุงูุตูุช ููุงุญุฏ ูุฑุฏ ูู ุฎุฏูุฉ ุงูุนููุงุก ุนูุฏูู,0,2022-02-22 12:08:34+00:00,0
46,@stc ุงูุฑุงุฏุงุช ุจุงููููุงุฑุงุช ููุง ูุชู ุญู ูุดููุฉ ุงุณ ุชู ุณู ุจุงู ุงูุง ุจุณ ุงุจู ูููุณู ุงููุนููู @stcpay_ksa,0,2022-02-22 11:58:22+00:00,0
47,@stc_ksa ุดุฑูู ุจุญูู ุงุณ ุชู ุณู ุงูุชู ุชูุซู ุงุชุตุงูุงุช ุงูููููู  ูุงุงุณุชุทูุน ุญู ูุดููุฉ ูููุณูุง ูู ุงุณ ุชู ุณู ุจุงู ุงูุง ุจุณ ุงุจู ูููุณู ูุญูู ุงูุซุฑ ูู ุนุดุฑูู ุงูู ูู ุงูุซุฑ ูู ุงุฑุจุนู ุงูุงู ูุชู ุงูุชูุงุตู ูุงูุงูุชุธุงุฑ,0,2022-02-22 11:53:59+00:00,0
48,@stc_ksa ุงุฑุฌู ุงููุธุฑ ูู ููุถูุน ุงุณ ุชู ุณู ุจุงู ูููุณูุง ูุนููู ูู ุงูุงู ููุง ุญู,0,2022-02-22 11:48:33+00:00,0
49,@stcpay_ksa @SAMA_GOV @SaudiBanks ุงุทุงูุจ ูู ุงูุจูู ุงููุฑูุฒู ุณูุง ุงููุธุฑ ุงูู ููุถูุนูุง ูู ุงุณ ุชู ุณู ุจุงู ุนุฏูุฏ ูู ุงูุนููุงุก ููุชุธุฑูู ูููุณูู ูู ูุงุฐุง ุงูุจูู ูุงูู ุงูุงู ูุง ุดู ุงูุง ูุญูู  ุนุดุฑูู ุงูู ุญูุงูู ุฏูููู ูู ุงูุซุฑ ูู ุงุฑุจุนู ุงูุงู ู ูุง ูุธูุฑ ุฑูู ุงูุงุณุชูุงู ูุชู ุงูุชูุงุตู ูุน ุงูุจูู ููุง ุญู,0,2022-02-22 11:47:37+00:00,0
50,"RT @XB_CARDS: ูุชุฌุฑ ููุงุนุจูู ุฅูุณุจููุณ๐!
ุฃูู ูุฃุถุฎู ูุชุฌุฑ .. ุฅุดุชุฑุงูุงุช ุงูุนุงุจ ุชุทุจููุงุช ุงุฎุฑู ูููุง ูุชููุฑุฉ ูู ููุงู ูุงุญุฏ ๐ฅ

https://t.co/jr62cwKkht ููุงโฆ",0,2022-02-22 10:18:53+00:00,2
51,@stcpay_ksa @1IqCrouKnnDjG8S ุงูุณ ูุญูู ูู ุงุณ ุชู ุณู ุจุงู ูููุญูู ูุงูุตูุช ุดุณุงููุฉุ,0,2022-02-22 09:15:11+00:00,0
52,@stcpay_ksa ุญููุช ูู ุงุณ ุชู ุณู ุจุงู ูุญุณุงุจู ุงูุฑุงุฌุญู ูกูฅูฅ ุฑูุงู ูุง ูุนุงู ุบูุฑูุง ูู ูฃ ุงูุงู ุงูุง ูุด ุฎูุงูู ุงุณุฌู ุจ ุงุณ ุชู ุณู ุจุงู ๐ก,0,2022-02-22 08:11:17+00:00,0
53,@stcpay_ksa ูุง ุฃุฎูุงูู ุงูุง ูุดุชุฑู ุนูุฏูู ูู ุงุณ ุชู ุณู ุจุงู ูููู ุนูุฏ ุญูุงูุงุช ุดู ุจุนุถ ุงูุฃุญูุงู ูู ุชุฃุชููู ุฑุณุงูุฉ ูู ุฑููู ุงููุณุฌู ูุฏููู ูููุง ุงุฏุฎู ุงูุชุทุจูู ุงุชูุงุฌุฆ ุจุฃูู ุชู ุชุญููู ุนูุฏู,0,2022-02-22 05:44:00+00:00,0
54,@stcpay_ksa ูุง ูุงุณ ููู ูููุณู ุชุฑูุญ ุญููุช ูุญุณุงุจู ุญู ุงุณ ุชู ุณู ุจุงู ููุง ูุตูุช ููุขู!!!!!!!!!!!!!!,0,2022-02-21 23:18:56+00:00,0
55,@stcpay_ksa ุงูุณูุงู ุนูููู ุญููุช ูุจูุบ ุนูู ุงุณ ุชู ุณู ุจุงู ูุฎุชูู ุงุฑุฌูุง ุงูุงุชุตุงู,0,2022-02-21 22:26:06+00:00,1
56,"@stcpay_ksa ุงูุณูุงู ุนูููู
ุงุฎู ุงููุฑูู ุงูุง ุญููุช ูู ุญุณุงุจู. ุงุณ ุชู ุณู ุจุงู. ุงูู ุญุณุงุจู ุงูุฑุงุฌุญู.  ุนูููู ุงูุชุญููู ูุงูุช ููู ุงูุฎููุณ. ูููููู ูู ุชุตู ุงูุญูุงูู. ููุฑุฌู ูููู. ูุนุงูุฌู ุงูุงูุฑ. ูุฑุฏ ุจุณุฑุนู.",0,2022-02-21 21:57:51+00:00,0
57,@JeenyKSA ูู ุงุณุจูุน ูุงูุง ุงููู ุฌูู ุนุดุงู ูุจูุบ ุงูู ูู ูุญูุธู ููููู ุญููููุง ุนูู ุงุณ ุชู ุณู ุจุงู ูู ุซูุงุซ ุงูุงู ููู ุงุณุจูุน ูุงุดูู ุดู ููุดููู ุงูุง ูุจูุบ ุชุญูู ูู ุนุงุฑู ููู ุงููุงู,0,2022-02-21 21:44:46+00:00,0
58,@stcpay_ksa ุงูุณูุงู ุนูููู. ุงุฎู ุงููุฑูู. ุงูุง ุญููุช ูู ุญุณุงุจู ุงุณ ุชู ุณู ุจุงู ุงูู ุญุณุงุจู ุงูุฑุงุฌุญู.  ุนูููู ุงูุชุญููู ูุงู ููู ุงูุฎููุณ ูููููู ูู ุชุตู ุงูุญูุงูู. ู ูุฑุฌู ูููู ูุนุงูุฌู ุงูุงูุฑ. ุฑุจูุง ูุณุนุฏูู. ุงุญุงูู ุงุชุตู ุน ุฎุฏูู ุงูุนููุงุก ูู ูุชู ุงูุฑุฏ. ู ุงูู ุงูุญู.  ุดูุฑุข,0,2022-02-21 21:38:20+00:00,0
59,@sli70 @iRaeDev ุงุณ ุชู ุณู ุจุงู,0,2022-02-21 21:35:24+00:00,0
60,@stcpay_ksa ูุง ุงุณ ุชู ุณู ุงูุง ุญููุช 65 ุฑูุงู ูุฑุชูู ุนู ุทุฑูู ุงุจู ุจุงู ูุงูุฑุตูุฏ ุฑูุงู ุณูุงูุงุช ุุ ูุงุฎู ุถุจุทูุง ุงูุณูุฑูุฑุงุช ุนูุฐูู ูุง ูุตูุญ ุงูุง ูุญุชุงุฌ ูุฐู ุงููููุณ ูุงูุชู ุชุงูููููุง !!!! https://t.co/iSPaiooXlY,0,2022-02-21 19:55:12+00:00,0
61,@stcpay_ksa ุญููุช ูู ุงุณ ุชู ุณู ุจุงู ูุญุณุงุจู ุงูุฑุงุฌุญู ููุงูุตูุช ููุง ุงูุซุฑ ูู ููู !!!!!! ููู ูุฐุง ุชุถูุนูู ูููุณูุง !!!,0,2022-02-21 19:36:34+00:00,0
62,@stcpay_ksa ุณูุงู ูุนูููู ูู ุงุณุจูุนูู ูุญูู ูขูกูก ุนูู ุงุณ ุชู ุณู ุจุฃู ูุงูุญูู ูุง ุฌุงูู ููุง ุงูุฏุนู ูุฑุฏ ููุง ูุญุงุฏุซุงุช ุงูุฏุนู ูุฑุฏ,0,2022-02-21 18:54:45+00:00,0
63,@zaz__k ุงููู ุฑุงุฌุญู  ุงุณ ุชู ุณู ุจุงู  ุงูุจูุงุฏ,0,2022-02-21 18:51:36+00:00,0
64,"@stcpay_ksa ุงูุณุงุฏุฉ ูุฑูู ุงุณ ุชู ุณู ุจุงู 
ูุฏู ูุดููู ููุช ุจูุญุงููุฉ ุงุถุงูุฉ ูขูู ุงูู ุญุณุงุจู ูู ุฎูุงู apple pay ูุชู ุณุญุจูุง ูู ุญุณุงุจู ูู ุงูุจูู ููู ูู ุชุถุงู ุงูู ุญุณุงุจู ูุฏููู ูุชู ูุดุงุฑูุฉ ุงูุชูุงุตูู ุนุจุฑ ุงูุฑุณุงุฆู ุงูุฎุงุตุฉ",0,2022-02-21 18:48:25+00:00,0
65,RT @ooaa871: @stcpay_ksa ูู ุดุฎุต ุญููู ูู ุจูู ุงูุงููู ุน ุงุณ ุชู ุณู ุจุงู ููุง ูค ุงูุงู ููุญูู ูุง ูุตูุช,0,2022-02-21 18:47:01+00:00,1
66,@stcpay_ksa ูู ุดุฎุต ุญููู ูู ุจูู ุงูุงููู ุน ุงุณ ุชู ุณู ุจุงู ููุง ูค ุงูุงู ููุญูู ูุง ูุตูุช,0,2022-02-21 18:40:10+00:00,1
67,@stccare_ksa ุงูุฏุนู ูุจูุบ ุงูุซูุงุซุงุก ุงููุงุถู ูุงูุณุญุจ ูู ุงูุจูู ููู ูุชู ุงูุฏุงุนู ูู ูุญูุธุฉ ุงุณ ุชู ุณู ุจุงู !!! ุงููุจูุบ ูุจุชุฎุฑ ุงูุงู !!! ุงุฑุฌู ุงูุฏุนู,0,2022-02-21 18:30:40+00:00,0
68,@kammelna ููู ุงุณุฏุฏ ุนู ุทุฑูู ุงุณ ุชู ุณู ุจุงูุ,1,2022-02-21 18:27:26+00:00,0
69,@stcpay_ksa ุณููุช ุดุญู ูุฑุตูุฏ ุงุณ ุชู ุณู ุจุงู ุจุณ ูุง ุฌุงุช ุงููููุณ ูุด ุงูุณุงูููุ ูุน ุงู ุงูุณุญุจ ูู ุงูุจูู,0,2022-02-21 17:42:43+00:00,0
70,@stcpay_ksa ุงูุณูุงู ุนูููู ุงูุง ุนูุฏู ุญุณุงุจ ุงุณ ุชู ุณู ุจุงู ุญููุช ูู ูุญูุธู ูููุฑ ูุง ูุญูุธู ุงุณ ุชู ุณู ุจุงู ุงุฎุชุตูุช ูู ูุญูุธู ูููุฑ ููุง ูุตูุช ูุญูุธู ุงุณ ุชู ุณู ุจุงู ุงุฑุฌู ุงูุฏุชู ูููุณู ุฑุงุญุช ููุง ุจุชุฑุฌุนููุง ุงุชูุตูุช ุจุฏุนู ุซูุงุซู ุงูุงู ููุงูุฑุฏู,0,2022-02-21 17:09:54+00:00,0
71,"ูุง @stcpay_ksa ุนูุฏู ุงููุงู ุญููุชูุง ูุญุณุงุจู ูู ุงุณ ุชู ุณู ุจุงู ููู ุชุตู ูููุช ุงูุจูู ููุงูู ุทูุนุช ูู ุนูุฏูุง ููุง ุชุฑุฏูู 
ูุงุฑุณูุช ููู ูุดู ุญุณุงุจ ูู ุงูุจูู ูููุด ูุงุฑุฌุนุช ุงููููุณ",0,2022-02-21 16:29:01+00:00,0
72,@stcpay_ksa ุนูุฏู ุงููุงู ุญููุชูุง ูุญุณุงุจู ูู ุงุณ ุชู ุณู ุจุงู ููู ุชุตู ูููุช ุงูุจูู ููุงูู ุทูุนุช ูู ุนูุฏูุง ููุง ุชุฑุฏูู ููุง ุงูุดุงุช ูุชุฌุงูุจ!,0,2022-02-21 16:26:46+00:00,0
73,@stcpay_ksa @tahakumsaa ูุงูู ุงูุญู ูู ุชุบููุฑ ุฑูู ุฌูุงูู ุงููุณุฌู ูู ุงุณ ุชู ุณู ุจุงู,0,2022-02-21 16:12:49+00:00,0
74,ุงุฎู ุงูุง ูู ุญูุงูู ูู ุดุฑูู ูู ุชุงุฑูุฎ16/20ุงูู ุงูุงู ูุงูุฒูุฉ ูู ุญุณุงุจู ุงุณ ุชู ุณู ุจุงู ุงุฑุฌู ูููู ูู ุงุฏุนู ุฑุจู ุจูุนูุถ ุงููุงุฐุง,0,2022-02-21 16:09:07+00:00,0
75,@Fahad_a991 @Niroca8 ููููู ุงูุฏูุน ุนู ุทุฑูู: ููุฒุง - ูุฏู- ุฃุจู ุจุงู- ุฅุณ ุชู ุณู ุจุงู- ุชุญููู ุจููู- ุนูุฏ ุงูุงุณุชูุงู (ููุท ููุณุชูุฏุน ุงูุณุนูุฏูุฉ) - ุฏูุน ุจุงูุชูุณูุท ุนุจุฑ ุชูุงุฑุง,0,2022-02-21 16:02:32+00:00,0
76,@ffffhhhh84 @LaughWithMedia @stcpay_ksa ุจูู ูุงุดู ุงุณ ุชู ุณู ุจุงู #ููุงุทุนุฉ_STCPAY_ุงูุญุฑุงููู @stcpay_ksa,0,2022-02-21 15:04:41+00:00,0
77,ุงุฎูุฑุง ูุชุญ ุงุณ ุชู ุณู ุจุงู,0,2022-02-21 14:42:40+00:00,0
78,@stcpay_ksa ุดูุฑุง ููู ุงุณ ุชู ุณู ุจุงู   ุนูุง ุฌููุฏูู   ูู ุนูููู,0,2022-02-21 14:13:50+00:00,0
79,@stcpay_ksa ุดูุฑุง ููู ุงุณ ุชู ุณู ุจุงู   ุนูุง ุฌููุฏูู   ูู ุนูููู,0,2022-02-21 14:13:28+00:00,0
80,"@stcpay_ksa ุงูุณูุงู ุนูููู 
ุนูุฏู ูุดููู ูู ุญุณุงุจ ุฃุณ ุชู ุณู ุจู ูุชุญุช ุญุณุงุจ ุจุฑูู ูููู ูุงูุฑูู ุจุงุณู ุดุฎุต ุขุฎุฑ ู ุฃูุฏุนุช ููู ูุจูุบ ูุชู ุงูุฎุตู ูู ุงุจู ุจุงู ููู ุงูุญุณุงุจ ุงูุบูู ููู ุงุนุฏ ุงุณุชุทูุน ุงูุฏุฎูู ูุฑู ุงุฎุฑู ูุง ุงูุญู ุ ูุงูู ุฃุฌุฏ ุงููุจูุบ ุงููุฎุตููุ",0,2022-02-21 14:06:52+00:00,0
81,ูุงุญุตูุช ุตูุฑู ุงุญุทูุง ุซุงููู ู ุญุทูุช ุญู ุงุณ ุชู ุณู ุจุงู https://t.co/pHs307obfY,0,2022-02-21 13:56:58+00:00,0
82,@CITC_SA ููุญูู ูุงุงูุญูุช ุงููุดููู! ุงุฑูุน ุจูุงุบ ุน ููุฆู ุงูุงุชุตุงูุงุช! @stcpay_ksa ุฑุฌุนููู ุงููุจูุบ ูู ุงุณ ุชู ุณู ุจุงู ุงู ุนุทููู ุฑูู ุงูููุฏ ุนุดุงู ุชุณุชูู ุงูุนุงููู ูููุณูุง ูู ููุจูู ุฏุงูู ุงุญูู ูุชุณุชูู ููู ุงุณุจูุน ูู ุฌุง ุงูุชุญุฏูุซ ุญุงูุณ ุงูุชุทุจูู ููููุชูู ุน ุงูุฎุงุต ูุงุงุญุฏ ุฑุฏ ุนูู๐๐ูู ุชุงุฑูุฎูกูฅ ูุญููู ุงูู ุงูุญูู ูุงุฌุงูู ุฑุฏ,0,2022-02-21 13:36:59+00:00,0
83,@stcpay_ksa ุงูุณูุงู ุนูููู ูุฑุญูุฉ ุนูุฏู ูุดููุฉ ููุง ููููู ุณููุช ุงุถุงูู ูู ุงูุฑุงุฌุญู  ุงูุง ุงุณ ุชู ุณู ุจุงู ููุญูู ูุง ูุตูุช ุงุชูุตูุช ูุน ุงูุฑุงุฌุญู ูุงูู ูุณุญูุจู ูู ุงุณ ุชู ุณู ุจุงู ูุฑุฌู ููู ุญู ูุดููุชู ูู ุงุณุฑุน ููุช,0,2022-02-21 13:23:35+00:00,0
84,"ุงุณ ุชู ุณู 
ุงุฑุจุงุญ ูุจูุงุฉ ุญูู ูคู ูููุงุฑ ุฑูุงู 
ุจุฃู ูุญุธุฉ ูููู ูุฒูุฏ ุฑุงุณ ูุงูู 
ุดุฑูุงุชูุง ูุงุฒู ุชููู ุนุงูููุฉ ๐ฅ๐",1,2022-02-21 12:36:31+00:00,0
85,"@stcpay_ksa ุงุถูุช ูุจูุบ ูู ุงูุงููู ุงุจู ุจุงู ุงูู ุงุณ ุชู ุณู ุจุงู ูู ููู ุงูุฎููุณ ูุงูู ุงูุงู ูุงุฑุตููู ุดู ููุง ูค ุงูุงู ุงูุชุธุฑ !!!
ุงูุด ุงูุญู !!!
ุณูุฆูู ุฌุฏุง ุฌุฏุง",1,2022-02-21 12:01:31+00:00,0
86,ุฎุฏูุฉ ุงูุนููุงุก ุญูุช ุงุณ ุชู ุณู ุจุงู ุงุณูุก ุฎุฏูุฉ ุนููุงุก ุนูู ูุฌู ุงูุงุฑุถ,0,2022-02-21 11:43:22+00:00,0
87,"@stcpay_ksa ุญููุช ูู ุญุณุงุจู ุงูุฑุงุฌุญู ู ุงุณ ุชู ุณู ุจุงู ู ุชุฃูุฏุฉ ุงูุญูุงูู ุจุณ ูู ุฑุงุถูู ุชุจุงู ูู ุงุณ ุชู ุดู ููุดุด ูููู ุงููู 
ุงุชููู ุชุชูุตูู ูุนุงูุง ุถุฑููููุฑููู ูุงูู ุฌุงูุณู ุงุชุตู ู ูุงุงุญุฏ ูุฑุฏ ู ูููุชูู ูู ุงูุชุทุจูู ู ูุง ุงุญุฏ ูุฑุฏ ุฎูุฑ ูุนูู ุ!!
ู ุงููุจูุบ ูู ููู ูุนูู !!!!!
ุงุชููู ุชุชูุตูู ูุนุงูุง ุถุฑูุฑู .",1,2022-02-21 11:40:45+00:00,0
88,ุงููู ูุงุฎุฐ ุงุณ ุชู ุณู ุจุงู ูุฏ ู ุณุญุจูุง ูููุณู๐๐#stc_pay,0,2022-02-21 10:54:27+00:00,0
89,@stcpay_ksa  ุงูุณูุงู ุนูููู ุญููุช ูููุณ ูู ุงุณ ุชู ุณู ุจุงู. ุงูุง ุจูู ุงูุฎููุฌ ุงูุฏููู (ููู) ููู ุชุตู ุงููููุณ ูููุช ุงูุซุฑ ูู 72 ุณุงุนู,0,2022-02-21 10:53:40+00:00,0
90,"@stcpay_ksa ุงูุณูุงู ุนูููู
ุชู ุชุญููู ุญูุงูู ูุญุณุงุจู ูู ุงุณ ุชู ุณู ุจุงู ูู ูุตุฑู ุงุญุฑ ููู ุชุตููู ุงุชููู ุงูุฑุฏ ุญุงููุช ุงูุงุชุตุงู ุจุฎุฏูุช ุงูุนููุงุก ูุญุฏ ูุฑุฏ",0,2022-02-21 09:46:23+00:00,0
91,ููู ุจุงูู ูุงูุฏุนู ุงุณ ุชู ุณู ุจุงู ููุงุจ,0,2022-02-21 04:23:18+00:00,0
92,RT @aliadam70: @stcpay_ksa ุทูุจ ุงูุง ูุญูู ูููุณ ูู ูุญูุธุฉ ูููุฑุดุชูุดู ูู ูฃ ุงูุงู ู ูุง ุธูุฑุช ุนูุฏู ูู ุงุณ ุชู ุณู   ุจุงู ูุงูุฎุตูุช ูู ุงููุญูุธุฉ ูููู ุชูุถูุญ ุงูโฆ,0,2022-02-21 00:08:44+00:00,2
93,@vz1_7 ููู ุงุตุงุฑุญูู ุงูู ุงุถุญู ุจู ููุงุนูุฏู ุญุชู ุงุณ ุชู ุณู ุจุงู ูู ุงูุทูุฑู ๐,0,2022-02-20 23:32:09+00:00,0
94,@stcpay_ksa ุงูุง ุญููุช ูขูู ููุงุฌุงุช ุน ุงุณ ุชู ุณู ุจุงู.,0,2022-02-20 23:28:54+00:00,0
95,ูุนูุฑูู ููุจู ุนูู ูููุณู ุงููู ุฑุงุญุช ูู ุงุณ ุชู ุณู ุจุงู ุจุณ ููุง ุงุดูู ูุจุงูุบ ุงููุงุณ ุชููู ุนูู ูุตูุจุชู.,1,2022-02-20 23:14:54+00:00,0
96,RT @mdlal2006: @stcpay_ksa ุฃูุซุฑ ุงููุงุณ ุชุดุชูู ุงู ูู ูููุณ ูู ุชุธูุฑ ูู ุงูุญุณุงุจ ุงูุจุฑูุงูุฌ.... ูุงูุง ูุฏู ุนูููุงุช ูู ุชุธูุฑ ูู ุจุฑูุงูุฌ ุงุฑุฌูุง ูู ูุคุณุณุฉ ุงูููโฆ,0,2022-02-20 23:00:30+00:00,1
97,@AppMrsool ุญุฏุฏู ููุช ูุญู ูุดููุฉ ุงุณ ุชู ุณู ุจุงู ูู ุชููููู ูุฑูุจุง ูุชุฌูุณูู ุงูุซุฑ ูู ูฅ ุงูุงู ูุจู ูููู ูุด ูุฑูุจุง ูููู ุน ุญุณุจุชูู ุดูุฑ ูุงูุงุดููู,0,2022-02-20 21:43:46+00:00,0
98,@lklk_88 ุจุนุฏูู ููุด ุญุงุทุฉ ููุฒุง ุงุณ ุชู ุณู ุจุงู ุ ุชุฑุง ุนูุฏูู ุจุทุงูุฉ ุจุฏู,0,2022-02-20 21:10:29+00:00,0
99,@lklk_88 ููู ุชุฑุฌุนูู ูู ุงุณ ุชู ุณู ุจุงู ููุฑุงุฌุญู ุ,0,2022-02-20 21:09:58+00:00,0
100,"@stcpay_ksa ุฃูุซุฑ ุงููุงุณ ุชุดุชูู ุงู ูู ูููุณ ูู ุชุธูุฑ ูู ุงูุญุณุงุจ ุงูุจุฑูุงูุฌ.... ูุงูุง ูุฏู ุนูููุงุช ูู ุชุธูุฑ ูู ุจุฑูุงูุฌ ุงุฑุฌูุง ูู ูุคุณุณุฉ ุงูููุฏ ุงูุชุฏุฎู ุงูุณุฑูุน ูุงูุนุงุฌู ู ุงููุงู ุดุฑูุฉ ุงุณ ุชู ุณู ุจุงู ุญุชู ุงุฑุฌุงุน ุงูุงููุงู ุงูู ุงุตุญุงุจูุง ูุญู ูุดุงูู ูุฏููู . @SAMA_GOV @urpay_sa @stcpay_ksa @stcpay_ksa @stcpay_bhr 
966567619251 https://t.co/fRePIFN70G",1,2022-02-20 20:35:23+00:00,1
101,@Alejandro00022 ูุฐู ุงูุจุทุงูุฉ ุงููู ูููุง ูุงุด ุจุงู ุ ุญููู ูุฑู ููุณ ูุธุงู ุงุณ ุชู ุณู ุจุงู ุนูุฏูู ุจุทุงูุฉ ูุงุด ุจุงู ูุฑุฌุน ูู ูู ูููุฉ ุงูุฏูุน,0,2022-02-20 19:58:44+00:00,0
102,@NotShira_ @ConstantBurnout ุนูุฏู ุงุณ ุชู ุณู ุจุงู ุ,0,2022-02-20 18:31:49+00:00,0
103,@HungerStation @saudi_organic @MEWA_KSA ููุด ูุง ุนูุฏูู ุงูููู ูุน ุงูููุฏูุจูู ูููุณูุง ุฑุงุงุญุช ููุด ูุง ุชุญููููู ุงููุดููู ูุน ุงุณ ุชู ุณู ุจุงู,2,2022-02-20 18:28:54+00:00,0
104,@stcpay_ksa ูุง ุฌูุงุนู ุงูุฎูุฑ ูุง ุงุณ ุชู ุณู ุจุงู ูู ุณูุญุช ุณุญุจุช ูู ุงูุฑุงุฌุญู ูุจูุบ ููู ูุถูุฑ ุงูุง ุซูุซ ุงููุจูุบ ูู ุงูุชุทุจูู ูุตูุชูุง ุฑุณุงูู ูู ุงูุฑุงุฌุญู ุงูู ุชู ุฎุตู ุงููุจูุบ ูุงูู ูููุงู ูุตูุช ุฑุณุงูู ุงูู ุชู ุชุบุฐูุฉ ุงููุจูุบ ุจููุณ ุงููุจูุบ ุงููุณุญูุจ ููุญุฏ ุงูุงู ููุง ุชุธูุฑ ูู ุงู ูุชูุฌู,0,2022-02-20 18:28:33+00:00,0
105,@AppMrsool ูุญุชุงุฌ ุฏุนู ูุฎุตูุต ุญูุงูุงุช ุงุณ ุชู ุณู ุจุงู ูุชู ุชูุตููุง ูุญู ูุนุดุฑ ุงูููุงุฏูุจ,0,2022-02-20 17:29:49+00:00,0
106,@stcpay_ksa ุญููุช ูู ุญุณุงุจู ูู ุงุณ ุชู ุณู ุจุงู ูุฑุงุฌุญู ูู ูค ุงูุงู ู ูุงูุตูุช !!!!,0,2022-02-20 17:04:28+00:00,0
107,RT @Mshe_l: ุดุงุจู ุนูู ูุช ุงููููุฉ ุงูุจุทูุฆ ู ุฌุงูุณ ูู ููุงู ูุงุญุฏ ู ุงูุณุจุจ ูู ุงุณ ุชู ุณู ุจุงู ุงูุณูุฆูู,0,2022-02-20 17:01:22+00:00,1
108,@stcpay_ksa ุงูุณูุงู ูุฑุญูู ุงููู ูุจุฑูุงุชู ูู ุณูุญุช ุงูุง ุงูุฏุนุช ูุจูุบ ุจุญุณุงุจู ุงุณ ุชู ุณู ุจุงู ูุงูุฎุตู ุงููุจูุบ ููุง ุตุงุฑ ุจุญุณุงุจู ูุงุชุตู ุนูููู ูุง ุชุฑุฏูู ูุงุชูุงุตู ุจุงูุชุทุจูู ูุญุฏ ูุฑุฏ ูุด ุงูุญู,0,2022-02-20 16:59:29+00:00,0
109,@FahdAlbogami ุงุณุชุงุฐ ููุฏ ุงุณ ุชู ุณู ุจุงู ุถูุนุช ูููุณูุง ุจุนุฏ ุชุญุฏูุซ ุชุทุจูููู ููุงุฑุฌุนููุง ููู ุงุณุจูุนูู ููู ุงูุฏุฑ ุงุดุชูููู ูุงููู ูุงูุชุฌุงูุจูู ูุนุงูุง,0,2022-02-20 16:47:46+00:00,0
110,RT @aljo0ohra_: ุจุนุฏ ุงููู ุตุงุฑ ูููุงุณ ูุน ุงุณ ุชู ุณู ุจุงู ุตุงุฑ ุถุฑูุฑู ุงููุงุญุฏ ูุญุท ูู ูุจูุบ ูุตุฑูู ุนูู ุฌูุจ ููุซู ูุงูุงูุงู ุ ุงููู ูุนูููู ๐ฅฒ,0,2022-02-20 16:35:21+00:00,13
111,"ูููุนููููู ุชูุฏุฑ ุชุญูู ูู @rainfinancial 
ุงูู @stcpay_ksa  
ูููุ ุงุณ ุชู ุณู ุจุงู ูุงุชุญูู ูู ุญุณุงุจ ูู ุงูุจูู ุงูุนุฑุจู ุนุดุงู ุชุดุญู ุฑุตูุฏู ููู ุงุฐุง ุจุบูุช.
ุฎุฐ ุงูุงูุจุงู ูุณุฌูู ูู ุฑูู ูุญูู ุนููู ูููุตู ุงูุชุญููู ุญุณุงุจู ูู ุงุณ ุชู ุณู ุจุงู. 
ุญุงููุง ุฑูู ููุตุญููู ุชุญูู ุนูู ุงูุนุฑุจู ุงู ุงูุฅููุงุก.
#ุงูุนููุงุช_ุงูุฑูููู #ุจุชูููู https://t.co/6e1jHonDyd",2,2022-02-20 16:33:38+00:00,0
112,"RT @ICalamar9: @D2if @urpay_sa ูุนูุง ููุฑ ุจุงู ูุฑุฏูู ุนููู ููุฑุง ูุงููู ุจูู 
ุงุณ ุชู ุณู ูุตุฎูู ูุงุฎู ูุงุนูุฏูู ุฏุนู ููู ูุณุญุจูู ุนููู @stcpay_ksa #ููุงุทุนุฉ_โฆ",0,2022-02-20 16:06:50+00:00,3
113,@Yas___ser ููู ูุง ููุฏู ุงุดุชุฑููุง ูู ุงุณ ุชู ุณู ุจุงู,0,2022-02-20 15:59:21+00:00,0
114,ุดุงุจู ุนูู ูุช ุงููููุฉ ุงูุจุทูุฆ ู ุฌุงูุณ ูู ููุงู ูุงุญุฏ ู ุงูุณุจุจ ูู ุงุณ ุชู ุณู ุจุงู ุงูุณูุฆูู,2,2022-02-20 15:55:33+00:00,1
115,RT @Deer46124196: @stcpay_ksa ููู ุฏุฑุงูููุง ูุง ุงุณ ุชู ุณู ุจุงู ุฎูู ุนูุง ุงูุญุฑูุงุช ุงูู ูุงููุง ุฏุงุนู ูููููููู,0,2022-02-20 15:44:24+00:00,1
116,@stcpay_ksa ููู ุฏุฑุงูููุง ูุง ุงุณ ุชู ุณู ุจุงู ุฎูู ุนูุง ุงูุญุฑูุงุช ุงูู ูุงููุง ุฏุงุนู ูููููููู,1,2022-02-20 15:43:36+00:00,1
117,"RT @fawaz1628: @stcpay_ksa ุงูุฏุนู ูุงููุณุงุนุฏุฉ ููุท ุจูุฏูู ุนูู ุทุฑู ุงูุชุญููู ููุดุฑุญ ุทุฑููุง  
ุงูุง ุญููุช  ุงูู ุฑูุงู ูุฎุตูุช ูู ุงูุจูู ููุงูุตูุช ูู ุงุณ ุชู ุณู ุจุงโฆ",0,2022-02-20 15:36:00+00:00,1
118,RT @_Rir0: @stcpay_ksa ููุงูุฉ ุณุฑูุชููุง ููู ูุงูุฏู ูุฑูุน ูู ูุนุงููุฉ 5 ููุธู ูุฑูุน ูุนุงููุฉ ููุงุดููุง ูููู ุดูุก ูุงุชู ูููุณ ููุญูู ุน @urpay_sa  ูุงุฌูุงุนุฉ ูุญุฏโฆ,0,2022-02-20 15:34:07+00:00,3
119,RT @Hselvador: @stcpay_ksa ุณููุช ุญูุงูุชูู ุจูููู ุฎูุณ ุฏูุงูู ูู ุญุณุงุจู ุงูุจููู ุงูู ุญุณุงุจ ุงุณ ุชู ุณู ุจุงูุ ุงููุฏุน ูู ุงููุญูุธุฉ ููุท ุญูุงูุฉ ูุญุฏุฉ! ู ุตุงุฑ ูู ุทูโฆ,0,2022-02-20 15:32:22+00:00,1
120,"RT @BloodravenHF: @ilullaby_ ุจุณ ููุช ูุนูู.
ุงุณ ุชู ุณู ุจุงู ูก/ูฃ ุงููุฑุงุช ุงููู ุงูุชุญู ูููุง ูุณูู ูู ูุดุงูู.
ูุง ุงูุฏุฑ ุงุถููู ุงุจุฏ ูู ุงุญุท ูู ูููุณู ููุงู ููุฑโฆ",0,2022-02-20 15:22:51+00:00,1
121,RT @aliadam70: @stcpay_ksa ุทูุจ ุงูุง ูุญูู ูููุณ ูู ูุญูุธุฉ ูููุฑุดุชูุดู ูู ูฃ ุงูุงู ู ูุง ุธูุฑุช ุนูุฏู ูู ุงุณ ุชู ุณู   ุจุงู ูุงูุฎุตูุช ูู ุงููุญูุธุฉ ูููู ุชูุถูุญ ุงูโฆ,0,2022-02-20 15:20:50+00:00,2
122,RT @BPczP89bK6P2jLf: @AppMrsool ุงููููุณ ููู ูุฏ ุงูุชูุช ุตูุงูู ุงุณ ุชู ุณู ุจุงู,0,2022-02-20 15:17:57+00:00,1
123,RT @Rehamabd93: @stcpay_ksa ุงูุณูุงู ุนูููู ุญููุช ูููุณ ูู ุงุณ ุชู ุณู ุจุงู ูุญุณุงุจู ุจุงูุจูู ูู ููู ุงูุฎููุณ ู ูุณุง ูุง ูุตูุชุ,0,2022-02-20 15:16:51+00:00,1
124,@stcpay_ksa ุงูุณูุงู ุนูููู ุญููุช ูููุณ ูู ุงุณ ุชู ุณู ุจุงู ูุญุณุงุจู ุจุงูุจูู ูู ููู ุงูุฎููุณ ู ูุณุง ูุง ูุตูุชุ,1,2022-02-20 15:02:39+00:00,1
125,@shokranlak @AppMrsool ุงูุง ููุณ ูุตุชู ุจุณ ุงูุชุญููู ู ุงุณ ุชู ุณู ุจุงู ูุณู ูุนูู,0,2022-02-20 14:57:54+00:00,0
126,@AppMrsool ุงููููุณ ููู ูุฏ ุงูุชูุช ุตูุงูู ุงุณ ุชู ุณู ุจุงู,1,2022-02-20 14:51:27+00:00,1
127,@stcpay_ksa ุชู ุงูุฏุงุน ูุจูุบ ูู ุญุณุงุจ ุงุณ ุชู ุณู ุจุงู ูุธูุฑ ูุจูุบ ุงูู ุจูขูฃูู ุฑูุงู ูู ููููู ูููุงู ูุง ููุฌุฏ ุงุณุชุฌุงุจุฉ ูููู ุงู ูู ุงูุชุทุจูู,0,2022-02-20 14:09:39+00:00,0
128,"RT @ICalamar9: @D2if @urpay_sa ูุนูุง ููุฑ ุจุงู ูุฑุฏูู ุนููู ููุฑุง ูุงููู ุจูู 
ุงุณ ุชู ุณู ูุตุฎูู ูุงุฎู ูุงุนูุฏูู ุฏุนู ููู ูุณุญุจูู ุนููู @stcpay_ksa #ููุงุทุนุฉ_โฆ",0,2022-02-20 13:12:30+00:00,3
129,RT @aljo0ohra_: ุจุนุฏ ุงููู ุตุงุฑ ูููุงุณ ูุน ุงุณ ุชู ุณู ุจุงู ุตุงุฑ ุถุฑูุฑู ุงููุงุญุฏ ูุญุท ูู ูุจูุบ ูุตุฑูู ุนูู ุฌูุจ ููุซู ูุงูุงูุงู ุ ุงููู ูุนูููู ๐ฅฒ,0,2022-02-20 13:05:38+00:00,13
130,@0Iwzy @AppMrsool ูู ุงูุญูุช ูุดููุฉ ุงุณ ุชู ุณู ุจุงู ูุนูู ูู ุงุดุชุบูุช ุจุชุชุญูู ุงููููุณ ู ุงุณ ุชู ุณู ุงู ูุง,0,2022-02-20 12:57:14+00:00,0
131,"RT @ICalamar9: @D2if @urpay_sa ูุนูุง ููุฑ ุจุงู ูุฑุฏูู ุนููู ููุฑุง ูุงููู ุจูู 
ุงุณ ุชู ุณู ูุตุฎูู ูุงุฎู ูุงุนูุฏูู ุฏุนู ููู ูุณุญุจูู ุนููู @stcpay_ksa #ููุงุทุนุฉ_โฆ",0,2022-02-20 12:39:08+00:00,3
132,RT @vly6666_lo: @stcpay_ksa ุณูุงู ุนูููู ุงูุง ุณููุช ุญูุงูู ุฏุงุฎููู ูููุงุณู ูุงูุตู ุงููุจูุบ ููุจูู ุงููู ุทูุจุช ุชุญููู ุนููู ุนููุง ุงู ุงููุจูุบ ุงูุฎุตู ูู ูู ุชุทุจูโฆ,0,2022-02-20 11:33:11+00:00,1
133,@stcpay_ksa ุณูุงู ุนูููู ุงูุง ุณููุช ุญูุงูู ุฏุงุฎููู ูููุงุณู ูุงูุตู ุงููุจูุบ ููุจูู ุงููู ุทูุจุช ุชุญููู ุนููู ุนููุง ุงู ุงููุจูุบ ุงูุฎุตู ูู ูู ุชุทุจูู ุงุณ ุชู ุณู ุจุงู ูููู ุงุนุฑู ุงููููุณ ููู ุฑุงุญุช ูููู ุงุฑุฌุนูุง,1,2022-02-20 11:22:23+00:00,1
134,"RT @abdulrh32116366: @stcpay_ksa 

ุชู ุงุถุงูุฉ ูุจูุบ ุงูู ุญุณุงุจู ูู ุงุณ ุชู ุณู ุจู ุนู ุทุฑูู ุงุจู ุงุณ ุชู ุณู ุจุงู ููู ูุชู ุงุถุงูุฉ ุงููุจูุบ ุงูู ุงูุญูุธู ูุญุงููุช ุงโฆ",0,2022-02-20 10:50:04+00:00,1
135,@abdullyh3 @anb_bank ุงุญุฏ ุญููู ูู ุงุณ ุชู ุณู ุจุงู ููุณ ุงููุจูุบ ุงูุงูุงู ุงููุงุถูุฉุ,0,2022-02-20 10:47:46+00:00,0
136,@AppMrsool ูู 3 ุงูุงู ูู ูุตูุช ุงูุทูุจูุฉ ูุงูู ุงูุขู ูุงุฌุงุชูู ูููุฉ ุงูุทูุจูุฉ ูุชุชุญุฌุฌูู ุงู ุชุทุจูู ุงุณ ุชู ุณู ุจุงู ุนุทูุงูุ! ุงูุชุทุจูู ูู ุฃูุณ ุดุบุงู ุจุณ ุงูุชูุง ุงููู ุญุงุฌุฒูู ุงููููุณ,0,2022-02-20 10:24:06+00:00,0
137,RT @Nasser_00m: @stcpay_ksa ุงูุญูู ูููุณู ูุนููู ููุง ูุตูุช ุงูุญุณุงุจ ูู ูุง ุงุณ ุชู ุณู ุจุงู ูุฑุถููู ุงูุญูู ูุนูู,0,2022-02-20 09:22:53+00:00,1
138,RT @Hrf87066959: ุงููุงูุง ูู ุงูุฑุงุฌุญู ุงููู ูุฌูุฏูู ุญุณุงุจู ุนุดุงู ูููุฉ ููุง ุงุณ ุชู ุณู ุจุงู ุงูุฒูุช ุงููู ูุนูู ูุทูุฑ ูููุณู ๐,0,2022-02-20 09:22:46+00:00,1
139,"@stcpay_ksa 

ุชู ุงุถุงูุฉ ูุจูุบ ุงูู ุญุณุงุจู ูู ุงุณ ุชู ุณู ุจู ุนู ุทุฑูู ุงุจู ุงุณ ุชู ุณู ุจุงู ููู ูุชู ุงุถุงูุฉ ุงููุจูุบ ุงูู ุงูุญูุธู ูุญุงููุช ุงุชูุงุตู ูุน ุงูุฏุนู ุนู ุทุฑูู ุงูุจุฑูุงูุฌ ููู ูุชู ุงูุฑุฏ ูุงูุซุฑ ูู ุฎูุณ ุณุงุนุงุช ุงุชููู ุญู ุงููุดููู",1,2022-02-20 09:20:49+00:00,1
140,"@alsev_4 ุงุณ ุชู ุณู ุจุงู ุฐุง ุจูู ูููู ุจุทุงูุฉ ุงูุฎ ุงูุฎ 
ูุซู ุงูุฑุงุฌุญู ูุนูู",0,2022-02-20 09:19:46+00:00,0
141,RT @ATMH95: ูุฏุฑู ููู ููุฆุฉ ุงูุฅุชุตุงูุงุช @CITC_SA ู ุงูุจูู ุงููุฑูุฒู ุงูุณุนูุฏู @SAMA_GOV   ูุฑุฎุตูู ูุดุฑูุฉ ุงูุงุชุตุงูุงุช ุจุฎุฏูุฉ ุงุณ ุชู ุณู ุจุงู @stcpay_ksa  ููโฆ,0,2022-02-20 09:09:40+00:00,1
142,"@AppMrsool ูุง ุงุฎูุงู ุงููุจุงูุบ ุชุจุน ุงูุทูุจุงุช ูุง ุชูุตููู ุนูู ุญุณุงุจู ุงุณ ุชู ุณู ุจุงู
ููุญูู ูจ ุทูุจุงุช ููู ุณุชู ุงูุงู ููุง ูุตููู ูููุณูุง ููู ูุง ุฑูุนุช ุดููู ููุชู ูู ุงูุฑุจ ููุช ูุชู ูุฐุง ุงูููุช ุงุจุบุง ุงููู.. ุจุนุฏ ุณุงุนู ุณุงุนุชูู ููู ุดูุฑ ุณูู ุงุนุทููุง ุดู ุงูููุฏ ูููุณู ููููุง ูุญุฌูุฒู ูู ุญุณุงุจูู ูุงูุง ูุงูู ูุงูู ูููู ูุทูุฑ ุงุชููู ุชุฌุงูุจ",0,2022-02-20 08:42:00+00:00,0
143,"@AppMrsool ูุง ุงุฎูุงู ุงููุจุงูุบ ุชุจุน ุงูุทูุจุงุช ูุง ุชูุตููู ุนูู ุญุณุงุจู ุงุณ ุชู ุณู ุจุงู
ููุญูู ูจ ุทูุจุงุช ููู ุณุชู ุงูุงู ููุง ูุตููู ูููุณูุง ููู ูุง ุฑูุนุช ุดููู ููุชู ูู ุงูุฑุจ ููุช ูุชู ูุฐุง ุงูููุช ุงุจุบุง ุงููู.. ุจุนุฏ ุณุงุนู ุณุงุนุชูู ููู ุดูุฑ ุณูู ุงุนุทููุง ุดู ุงูููุฏ ูููุณู ููููุง ูุญุฌูุฒู ูู ุญุณุงุจูู ูุงูุง ูุงูู ูุงูู ูููู ูุทูุฑ ุงุชููู ุชุฌุงูุจ",0,2022-02-20 08:36:17+00:00,0
144,"@AppMrsool ูุง ุงุฎูุงู ุงููุจุงูุบ ุชุจุน ุงูุทูุจุงุช ูุง ุชูุตููู ุนูู ุญุณุงุจู ุงุณ ุชู ุณู ุจุงู
ููุญูู ูจ ุทูุจุงุช ููู ุณุชู ุงูุงู ููุง ูุตููู ูููุณูุง ููู ูุง ุฑูุนุช ุดููู ููุชู ูู ุงูุฑุจ ููุช ูุชู ูุฐุง ุงูููุช ุงุจุบุง ุงููู.. ุจุนุฏ ุณุงุนู ุณุงุนุชูู ููู ุดูุฑ ุณูู ุงุนุทููุง ุดู ุงูููุฏ ูููุณู ููููุง ูุญุฌูุฒู ูู ุญุณุงุจูู ูุงูุง ูุงูู ูุงูู ูููู ูุทูุฑ ุงุชููู ุชุฌุงูุจ",0,2022-02-20 08:34:58+00:00,0
145,"@D2if @urpay_sa ูุนูุง ููุฑ ุจุงู ูุฑุฏูู ุนููู ููุฑุง ูุงููู ุจูู 
ุงุณ ุชู ุณู ูุตุฎูู ูุงุฎู ูุงุนูุฏูู ุฏุนู ููู ูุณุญุจูู ุนููู @stcpay_ksa #ููุงุทุนุฉ_STCPAY_ุงูุญุฑุงููู",3,2022-02-20 08:25:20+00:00,3
146,"@AppMrsool ูุง ุงุฎูุงู ุงููุจุงูุบ ุชุจุน ุงูุทูุจุงุช ูุง ุชูุตููู ุนูู ุญุณุงุจู ุงุณ ุชู ุณู ุจุงู
ููุญูู ูจ ุทูุจุงุช ููู ุณุชู ุงูุงู ููุง ูุตููู ูููุณูุง ููู ูุง ุฑูุนุช ุดููู ููุชู ูู ุงูุฑุจ ููุช ูุชู ูุฐุง ุงูููุช ุงุจุบุง ุงููู.. ุจุนุฏ ุณุงุนู ุณุงุนุชูู ููู ุดูุฑ ุณูู ุงุนุทููุง ุดู ุงูููุฏ ูููุณู ููููุง ูุญุฌูุฒู ูู ุญุณุงุจูู ูุงูุง ูุงูู ูุงูู ูููู ูุทูุฑ ุงุชููู ุชุฌุงูุจ",0,2022-02-20 08:15:55+00:00,0
147,"@AppMrsool ูุง ุงุฎูุงู ุงููุจุงูุบ ุชุจุน ุงูุทูุจุงุช ูุง ุชูุตููู ุนูู ุญุณุงุจู ุงุณ ุชู ุณู ุจุงู
ููุญูู ูจ ุทูุจุงุช ููู ุณุชู ุงูุงู ููุง ูุตููู ูููุณูุง ููู ูุง ุฑูุนุช ุดููู ููุชู ูู ุงูุฑุจ ููุช.. ูุชู ูุฐุง ุงูููุช ุงุจุบุง ุงููู.. ุจุนุฏ ุณุงุนู ุณุงุนุชูู ููู ุดูุฑ ุณูู ุงุนุทููุง ุดู ุงูููุฏ ูููุณู ููููุง ูุญุฌูุฒู ูู ุญุณุงุจูู ูุงูุง ูุงูู ูุงูู ูููู ูุทูุฑ ุงุชููู ุชุฌุงูุจ",1,2022-02-20 08:14:22+00:00,0
148,@stcpay_ksa ุงุญุงูู ุงุชูุงุตู ูุน ุงุญุฏ ูู ูููุนูู ููุงูู ุฑุฏ ููู ุ ุญููุช ูููุณู ูู ุงุณ ุชู ุณู ุจุงู ุงูู ุจูู ุงูุฑุงุฌุญู ูู ููู ุงูุฎููุณ ูุงูู ุงูุงู ูุง ูุตูุช ุงูุญูุงูู https://t.co/y0L2qC4s5F,0,2022-02-20 07:36:31+00:00,0
149,@stcpay_ksa ุทูุจ ุงูุง ูุญูู ูููุณ ูู ูุญูุธุฉ ูููุฑุดุชูุดู ูู ูฃ ุงูุงู ู ูุง ุธูุฑุช ุนูุฏู ูู ุงุณ ุชู ุณู   ุจุงู ูุงูุฎุตูุช ูู ุงููุญูุธุฉ ูููู ุชูุถูุญ ุงูุณุจุจ,1,2022-02-20 07:32:35+00:00,2
150,@AlRajhiBankCare @mjydalnzy12 ุงูุฑุงุฌุญู ูุงูุชุทุจูู ูุนุทููู ูุจูุบ ูุงุฌู ุงุณุชุฎุฏูู ูุงูุงุจู ุจุงู ููุทูุน ูู ุฑูุถ ูุงุญูู ูู ุงุณ ุชู ุณู ุจุงู ููุญุดุงุจู ููุง ุชุชุญูู ุงููููุณ ุ!,0,2022-02-20 06:46:21+00:00,0
151,"""ุฅุณ ุชู ุณู ุจุงู"": ุนุทู ููู ูุฑุงุก ุชููู ุงููุธุงู.. ูุชู ุญู ุงููุดููุฉ ูุนูุฏุฉ ุงูุชุทุจูู ูุงูุฎุฏูุงุช ููุนูู ุจุดูู ุณูููุ ูููุชูุงุตูู
https://t.co/xwweTaCPrp 
 #ุงูุฌููุงู",0,2022-02-20 05:37:58+00:00,0
152,"""ุฅุณ ุชู ุณู ุจุงู"": ุนุทู ููู ูุฑุงุก ุชููู ุงููุธุงู.. ูุชู ุญู ุงููุดููุฉ ูุนูุฏุฉ ุงูุชุทุจูู ูุงูุฎุฏูุงุช ููุนูู ุจุดูู ุณููู
https://t.co/MKyigZs81n",0,2022-02-20 05:35:07+00:00,0
153,@A_MQQ @ayr5o4 ูุงูุฏ ุฌุงูู ูุงุด ุจุงู ูู ุงุณ ุชู ุณู ุจุงู ุน ูุซุฑ ูุงุณุชุฎุฏูู,0,2022-02-20 05:32:18+00:00,0
154,@HungerStation @Talal334 ูููุด ูุฐุง ุญููุช ูููุณู ุนูู ุงุณ ุชู ุณู ุจุงู ูุงูู ุงูุงู ูุง ูุตูุช ููุด ูุฐุง ุณูููุง ูู ุงูุณุจู ูุงูุญููู ููุง ุงุณุชูุฏูุง ูููู ุจุดูุก... ุญุฑุงู ูููุณู ุชุฑูุญ ูุฐุง ูููู ุฑูู ุงููุฑุฌุนู ููุญูุงูู,0,2022-02-20 04:27:07+00:00,0
155,ุดุณุงููู ุฑุตูุฏ ุจูุงูุณุชูุดู ุ ูุงูู ูุงุฏุฑู ุงุดุฑูู ูู ุงุณ ุชู ุณู ุจุงู ููุง ูู ุงูุฑุงุฌุญูุุุ,0,2022-02-19 23:10:19+00:00,0
156,"@ilullaby_ ุจุณ ููุช ูุนูู.
ุงุณ ุชู ุณู ุจุงู ูก/ูฃ ุงููุฑุงุช ุงููู ุงูุชุญู ูููุง ูุณูู ูู ูุดุงูู.
ูุง ุงูุฏุฑ ุงุถููู ุงุจุฏ ูู ุงุญุท ูู ูููุณู ููุงู ููุฑูุถ ูุฏุฎููู ููููู ูุด ุจุณููุ",1,2022-02-19 22:47:24+00:00,1
157,"@Tmemian ูููู ูุงุธู ุตุงุฑ ุงุณูู ููุง ูุงูุฅููุงุก ุจุงู ูุงูุฌุญูุง ููุงููู ุชูุฑูุจุงู ุฐูุฑ ููุงุฑูุฉ ุจุงุณ ุชู ุณู ุจุงู.. ููุจุงููู ูู ุณูุชูุง ููู ุบุจูู ุจุงูุชูุงุฒ ูุงู ูุงููุง ุงู ูุฌู ููุงูุณู ุจูู ุชุทูุฑ ุงูุจููู ุงููุถุทุฑุฏ ูุดุฑุงุณุฉ ุงุณ ุชู ุณู..

ุงูุง ุงูุจููู ุงูุฌุฏูุฏุฉ ูุงููุงุจูู ูุงููู.. ุจุชููู ุงุถุงูุฉ ููููุฉ ูููุฑุฏ ูุงูุงูุชุตุงุฏ ุจุดูู ุนุงู",0,2022-02-19 22:40:59+00:00,0
158,"@Tmemian ุงูุงููุฑ ุงููุงููุฉ ูุฏู ุชููู ูุงูู ูููุง..

ุฎูู ููุญูุงูุงุช ุงูุจุณูุทุฉ ุงู ูุณุชุฑู ูููููู ุงู ุงุณุชุบูุงู ุนุฑูุถ.. ุงูุฎ

ุจุณ ุงูุดุบู ุงูุซููู ููุซูุงู.. ูุนูููุง ุงุณ ุชู ุณู ุจุงู ุจูุชููู ุจุณ ุจูุญุชุงุฌ ููุช ุทููู ูุณุจูุงู ููู ููุชุณุจูู ุฎุจุฑุฉ ููุชุงูุฉ ุงูุธูุฉ",0,2022-02-19 22:24:31+00:00,0
159,RT @_Rir0: @stcpay_ksa ููุงูุฉ ุณุฑูุชููุง ููู ูุงูุฏู ูุฑูุน ูู ูุนุงููุฉ 5 ููุธู ูุฑูุน ูุนุงููุฉ ููุงุดููุง ูููู ุดูุก ูุงุชู ูููุณ ููุญูู ุน @urpay_sa  ูุงุฌูุงุนุฉ ูุญุฏโฆ,0,2022-02-19 21:27:56+00:00,3
160,@stcpay_ksa ุณููุช ุญูุงูุชูู ุจูููู ุฎูุณ ุฏูุงูู ูู ุญุณุงุจู ุงูุจููู ุงูู ุญุณุงุจ ุงุณ ุชู ุณู ุจุงูุ ุงููุฏุน ูู ุงููุญูุธุฉ ููุท ุญูุงูุฉ ูุญุฏุฉ! ู ุตุงุฑ ูู ุทูู ุงูููู ุงุชุตู ุนูููู ููุง ูู ูุฌูุจ! @SAMAcares,1,2022-02-19 21:24:39+00:00,1
161,RT @_Rir0: @stcpay_ksa ููุงูุฉ ุณุฑูุชููุง ููู ูุงูุฏู ูุฑูุน ูู ูุนุงููุฉ 5 ููุธู ูุฑูุน ูุนุงููุฉ ููุงุดููุง ูููู ุดูุก ูุงุชู ูููุณ ููุญูู ุน @urpay_sa  ูุงุฌูุงุนุฉ ูุญุฏโฆ,0,2022-02-19 21:16:33+00:00,3
162,@stcpay_ksa ููุงูุฉ ุณุฑูุชููุง ููู ูุงูุฏู ูุฑูุน ูู ูุนุงููุฉ 5 ููุธู ูุฑูุน ูุนุงููุฉ ููุงุดููุง ูููู ุดูุก ูุงุชู ูููุณ ููุญูู ุน @urpay_sa  ูุงุฌูุงุนุฉ ูุญุฏ ูุตุฏู ุงูุญุฑุงููุฉ ุงุณ ุชู ุณู ุจุงู ุญููู ุงู ุจุงู ุงูุถู ูุนูุฏูู ูููุฒุงุช ุฑุฌุนู ุญูุงููุง ููุญุฐู ุชุทุจูููู ุงููู ูุฌูุจ ุงููุฑุถ,1,2022-02-19 21:13:04+00:00,3
163,@AZK_SA ูู ูขูงูู ุฑูุงู ุงุถูุชูุง ูุชุทุจูู ุงุณ ุชู ุณู ุจุงู ูุงูุฎุตูุช ูู ุญุณุงุจู ุงูุจููู ุงููููุณ ููุง ุงูุถุงูุช ููุชุทุจูู ููููู ููุง ูุฑุฏูุง ูุง ุงูุฎุงุต ููุง ุงูุนุงู ููุง ุจุงูุชุทุจูู.. ุฌุฏุงู ุชุตุฑููู ุณูุก ุจุบุถ ุงููุธุฑ ุนู ุงูุฎูู ุงูู ุนูุฏูู ููุฏุฑู ูู ุจุชูุตู ุฃู ูุง,0,2022-02-19 21:10:33+00:00,0
164,ูุฏุฑู ููู ููุฆุฉ ุงูุฅุชุตุงูุงุช @CITC_SA ู ุงูุจูู ุงููุฑูุฒู ุงูุณุนูุฏู @SAMA_GOV   ูุฑุฎุตูู ูุดุฑูุฉ ุงูุงุชุตุงูุงุช ุจุฎุฏูุฉ ุงุณ ุชู ุณู ุจุงู @stcpay_ksa  ูู ุญูู ูุง ูููู ุงุฆุชูุงููู ุนูู ุฃููุงู ุงููุณุชุฎุฏููู ููุง ูุชุฌุงูุจูู ุจุทุฑููุฉ ููุงุณุจุฉ ูุน ูุดุงูููู #ุงูุญู_ูุทููุจ ูุงูุจุฏูู ููุฌูุฏ @urpay_sa,0,2022-02-19 20:53:10+00:00,1
165,"RT @saadineur: ุงุณ ุชู ุณู ุจุงู @stcpay_ksa ูุชุนุทู ูู ูู ููู. 

ูุชููู ุงููุดุงูู ุงูุชูููุฉุ ููู ุบูุฑ ููุจูู ุงู ุชุชุนุทู ุฎุฏูุฉ ุงู ุดุฑูุฉ ุนูู ุณุทุญ ุงููุฑู ุงูุงุฑุถูุฉโฆ",0,2022-02-19 20:51:15+00:00,5
166,RT @Turkii_Aj: @AZK_SA ูุงูู ุงูุญูู ุงุณ ุชู ุณู ุจุงู  ูุดููุชูู ูุงุฎูุตุช ุงูุชุธุฑ ุงุณุญุจ ุงูุฑุตูุฏ ูุงุญูู ุงูู @urpay_sa,0,2022-02-19 20:15:52+00:00,1
167,"@stcpay_ksa ุงูุฏุนู ูุงููุณุงุนุฏุฉ ููุท ุจูุฏูู ุนูู ุทุฑู ุงูุชุญููู ููุดุฑุญ ุทุฑููุง  
ุงูุง ุญููุช  ุงูู ุฑูุงู ูุฎุตูุช ูู ุงูุจูู ููุงูุตูุช ูู ุงุณ ุชู ุณู ุจุงู  ูู ุชุญุชุงุฌ ููุช ูููุตูู  ููู ุญุงู ุนุฏู ูุตูููุง ูุฑุงุฌุน ููุุ",1,2022-02-19 19:17:05+00:00,1
168,@stcpay_ksa ููู ูููุณู ุญููุช  ูู ุญุณุงุจู ุฑุงุฌุญู ุงูู ุงุณ ุชู ุณู ุจุงู ูุจูุบ ูกูขูฉู ููุง ูค ุงูุงู ุงุฑุงุณููู ุฎุงุต ูุงุชุฑุฏู ุนูุจ ุนูููู ูุจุบุง ูููุณูุง ุนุทูุชููุง ูุงูุงุณ,0,2022-02-19 18:35:22+00:00,0
169,@AppMrsool ุดููู ููุง ุญู ูุน ุงุณ ุชู ุณู ุจุงู ูุญู ูููููู ูู ููู ุงูุงุฑุจุนุงุก ูุด ุงูุณุงููู ููุตุฑุงุญู ูุธุงููู ูุชุนูููู ุฒูู ููุงููุฏุฑ ูุบูุฑ ุบูุฑู ูุบูุฑูู ุจุณ ูุด ุงูู ุตุงุฑ ุงููู ุงุนูู ูุฑุจู ูู ููู ุงูุงุฑุจุนุงุก ููุญู ูููููู ููุทูุฑูู,1,2022-02-19 18:34:41+00:00,0
170,@stcpay_ksaุญููุช ูู ุงุณ ุชู ุณู ุจุงู ุงูู ุญุณุงุจู ุจุจูู ุณุงุจ ูู ุงูุณุงุนู 11 ูุญุฏ ุงูุงู ูุงูุตูุช ูุฏููุช ุน ุงููุงุชู ุญููู ูุฑูุน ุทูุจ ูู ุงูุนุตุฑ ููุงูุตูุช ุนุทููู ุญู ูุจุบู ูููุณูุง,0,2022-02-19 18:08:23+00:00,0
171,@B_ye05 ุงูุณุนู ูุงููุดูุฑู ูฃู ุฑูุงู ุนูู ุงุณ ุชู ุณู ุจุงู,0,2022-02-19 17:19:17+00:00,0
172,@HungerStation @SaudiExports ูุฑุญุจุง ูููุฑุณุชูุดู  ูู ูููู ุงุณุจูุน ููุง ูุตูุช ุงููููุณ ุชุจุน ุงูุชูุตูู ุชู ุงูุชูุงุตู ูุน ุงุณ ุชู ุณู ุจุงู ูุงูู ูุฑุฌุง ูุฑุงุฌุนู ุงููุญูู ู ุชู ุงูุชูุงุตู ูุน ุฏุนู ูููุฑ ูุงูู ุชู ุงูุชุญููู ูุง ุญุฏ ูุฑ ุงูุง ุจุนุฏ ููููู ุงู ุซูุงุซู ุงูุงู ุงูุง ูุด ุงุณูู ุงููููุณ ุญูู ููููุง ุญุฑุงู ุนูููู ุฑุงุญ ุชุชุญุงุณุจูู ุนูููุง ูุงููู,0,2022-02-19 17:06:35+00:00,0
173,@Beautif85838432 @AZK_SA ููู ุชุชููู ูุงูุญุจูุจ! ูุณู ููุช ุฏุงุฑู ุงุด ุงููุฑุฌุฉ! ุงูุฑุฌุงู ูุง ูุชููู ุนู stc ุฎุฏูุฉ ุงูุงุชุตุงู! ุนูุฏูู ุดุฑูุฉ ุงุณููุง ุงุณ ุชู ุณู ุจุงู ุญูุช ูุฏููุนุงุช ุฒู ุงูุจูู.. ูุญูุธู ุฑูููู,0,2022-02-19 16:24:37+00:00,0
174,@AZK_SA ุงูุฑุงุฌุญู ุงูุถู ุณููุฌุญ ูุงู ูุญู ูุดููู ุณุญุจ ุงููุจูุบ ุจุณุฑุนู  ูุนุงูุงู ุงุณ ุชู ุณู ุจุงู,0,2022-02-19 16:16:55+00:00,0
175,@AZK_SA Urpay ุงุณุชุฎุฏูุชู ูุนูู ููููู ุฎุทุง ุงูุฑูู ุงูุณุฑู ูููุง ุตุญ ุงุณ ุชู ุณู ุจุงู ุนุดุงู ุจุณ ุชุนุทู ูุฑู ูุญุฏู ุจุงูุนูุฑ ุงูุง ุนูุฏู ุงุณ ุณู ุจุงู ุงูุถู ููู ุจูุซูุฑ ุญุชู ูู ูก ุจุงูููู ุงุณ ุชู ุณู ุจุงู ุงูุถู,1,2022-02-19 16:10:07+00:00,0
176,ุญููุช ูููุณ ูู ุจุงู ุจุงู ุงูู ุจุทุงูุชู ูู ุงุณ ุชู ุณู ุจุงู ููุงุฎุฐ ุงูููุถูุน ูง ุงูุงู ูููุญูู ูุง ูุตูุช ูููุณู ูููุญูุธู ุงูุชุญููู ูุงู ุจุชุงุฑูุฎ ูกูข ูุจุฑุงูุฑ @stcpay_ksa,2,2022-02-19 15:34:41+00:00,0
177,@stcpay_ksa @AppMrsool  ุนูุฏู ุญูุงูุงุช ุนูุฏูู ูุงูุฑุณูู ููุงู ุนุฐุฑูู ุงุณ ุชู ุณู ูุชุนุทู ุงูุญูู ูุถุงู ุงุณ ุชู ุณู ุจุงู ุจุงููุงูู ุงุดุชุบู ูุชู ุชุญูููู ุงููุจุงูุบ,0,2022-02-19 15:19:08+00:00,0
178,@AZK_SA ูุงูู ุงูุญูู ุงุณ ุชู ุณู ุจุงู  ูุดููุชูู ูุงุฎูุตุช ุงูุชุธุฑ ุงุณุญุจ ุงูุฑุตูุฏ ูุงุญูู ุงูู @urpay_sa,1,2022-02-19 14:31:11+00:00,1
179,RT @fatimah5p: @1815_leedoo @stcpay_ksa ูุงุฑุฌุน ุดู ูุงูุญูุงูุงุช ุงูุง ุญููุชูุง ูู ุงุณ ุชู ุณู ุจุงู ูุจูู ุงูุฑูุงุถ ูุงูุตูุช ูู ูฃ ุงูุงู,0,2022-02-19 14:19:31+00:00,1
180,@1815_leedoo @stcpay_ksa ูุงุฑุฌุน ุดู ูุงูุญูุงูุงุช ุงูุง ุญููุชูุง ูู ุงุณ ุชู ุณู ุจุงู ูุจูู ุงูุฑูุงุถ ูุงูุตูุช ูู ูฃ ุงูุงู,2,2022-02-19 14:17:33+00:00,1
181,RT @aljo0ohra_: ุจุนุฏ ุงููู ุตุงุฑ ูููุงุณ ูุน ุงุณ ุชู ุณู ุจุงู ุตุงุฑ ุถุฑูุฑู ุงููุงุญุฏ ูุญุท ูู ูุจูุบ ูุตุฑูู ุนูู ุฌูุจ ููุซู ูุงูุงูุงู ุ ุงููู ูุนูููู ๐ฅฒ,0,2022-02-19 14:15:00+00:00,13
182,"@stcpay_ksa ุชู ุชุญููู ูุจูุบ ูู ุญุณุงุจู ูู ูููุฑุณุชูุดู ุนูู ุงุณ ุชู ุณู ุจุงู
ููู ูุตููู ุงููุจูุบ ุญุชู ูุฐู ุงููุญุธุฉ",0,2022-02-19 13:54:27+00:00,0
183,RT @aljo0ohra_: ุจุนุฏ ุงููู ุตุงุฑ ูููุงุณ ูุน ุงุณ ุชู ุณู ุจุงู ุตุงุฑ ุถุฑูุฑู ุงููุงุญุฏ ูุญุท ูู ูุจูุบ ูุตุฑูู ุนูู ุฌูุจ ููุซู ูุงูุงูุงู ุ ุงููู ูุนูููู ๐ฅฒ,0,2022-02-19 13:36:55+00:00,13
184,"@jacobia0 @halfbaldhead ุงุณ ุชู ุณู ุจุงู ููุฒุชู ูุนุทูู ูุงุด ุจุงู ุจูุณุจู 
ูููู ุนุฑูุถ ูุนุทูู ูุงุด ุจุงู ุจูุณุจู ูุจูุฑู 
ุนุดุงู ูุฐุง ูุฑุบูุจ",0,2022-02-19 13:27:51+00:00,0
185,"@stcpay_ksa ุงูููู ุงููููุณ ููู ูุง ูุตูุช ููุญูู ุงุฑุณูุช ุญูุงูู ุจ ูจููู ูู ุญุณุงุจ ุฑุงุฌุญู ู ุงุณ ุชู ุณู ุจุงู ููุง ูุตูุช ุตุงุฑ ููุง ูฅ ุงูุงู 
ูุง ุชูููู ุฑูุญ ููุชุทุจูู ูุฑุงุณููุง ูู ููุงู ูุงุนูู ุจุฏุงุก ูุญุงุฏุซู ูุงูู ุณููุชูุง ูขู  ูุฑู ูุงุญุฏ ูุฑุฏ",1,2022-02-19 13:18:06+00:00,0
186,@aljo0ohra_ ููู ุงุญูู ูู ุงูุจูู ุงูุงููู ุงูู ุงุณ ุชู ุณู ุจุงู,0,2022-02-19 12:37:27+00:00,0
187,@stcpay_ksa ุนูุฏู ููู ุชุทุจูู ุงูุถู ูู ุงุณ ุชู ุณู ุจุงู .. ูุงููู ูููุฒู ุงู ุงููุงุด ุจุงู ูกูช,0,2022-02-19 12:23:29+00:00,0
188,ุงุณ ุชู ุณู ุจุงู ุชุฑู ูุง ุตุฑุช ุตูุงูู !! ุฎูุงุต ูููู ุงุฑุฌุนูุง ุงูุชุญูู ๐คฌ,0,2022-02-19 11:16:25+00:00,0
189,@abnmusaad ุงุณ ุชู ุณู ุจุงู ุชุณุฌูุช ูุจูู ุฑููู ููุง ุชุนุชุจุฑ ุชุงุจุน ููุงุชุตุงูุงุช ุงููู ูุตูุญู ููุฐุง ููุณ ุฏูุงุนุง ุนููู ูุงูู ูุชุถุฑุฑ .. ููู ุงููุจุฏ ูููุง ูุง ุชุนุฑู ููุณ ูู ุงููุฑูุกุฉ,0,2022-02-19 11:14:34+00:00,0
190,@Rollenaa ุงูุง ุงููู ูู ูุงุญุฏ ูุญุท ุฑููู ููููู ุงูุฏุนู ุงุณ ุชู ุณู ุจุงู ูุงุญูู ุณุนูุฏู ู ุงูุฏุนู,1,2022-02-19 11:00:21+00:00,0
191,ุฃูู ูุง ุฒุงู ุงุณ ุชู ุณู ุจุงู ุนูู ุทูู ุฑุญุช ุฃุดููู ุนูู ุซุฑูุชู ุงูู ูกูฉ.ูกูงุฑูุงู๐,0,2022-02-19 10:59:51+00:00,0
192,"ูุงุญูู ููุงููุฉ ุงูุง ุจุงููู . ุงููุงุญุฏ ููุงูููุง ูู ุงุณ ุชู ุณู ุจุงู ููุง ูู ุชููุชุด . 
ููู ูุงูุญุณููู ๐ https://t.co/fpaKGuSaxp",0,2022-02-19 10:29:22+00:00,0
193,ูุฏุฑู ูู ุงููุชุฎูู ุงููู ูุนุชูุฏ ุนูููู ุจุดูู ูููโฆ ูุด ููุตุฑ ููู ุชุทุจูู ุงูุจููโฆ ูุงูุด ุงููููุฒ ุนูุฏ ุงุณ ุชู ุณู ุจุงู ููุงูู ููุฌูุฏ ูู ุงูุจูููุ https://t.co/LCGov5PNXr,0,2022-02-19 10:24:05+00:00,0
194,@stcpay_ksa ุงูุง ุงุชููู ุนู ุดูุก ุญุถุฑุชูุง ุจููุณู ูู ุชุทุจูู ุงุณ ุชู ุณู ุจุงู ูุง ูุนูู ุนููู ุฎุฏูุงุช ุณุฑูุนู ูููุซููู ูุฏูู ูู ุงูููุนุงุฏ ูุจุฑุถู ุฎุฏูู ูุชุฌุงูุจูุง ูุน ุงูุนููู ุนูู ุทูู ูุญููุง ูุดููู ุงูุนููู ุดูุฑุง ุงุณ ุชู ุณู ุจุงู ูุชููู ููู ุงูุชูููู ูุงููุฌุงุญ ูุงู ุดุงุก ุงููู ูุฑุงูู ุนูู ุงุฑุถ ุงููุงูุน ุจุงูุดุงุก ุงูุจุฑ ุจูู ูู ุงูุดุฑู ุงูุงูุณุท,0,2022-02-19 10:13:30+00:00,0
195,RT @aljo0ohra_: ุจุนุฏ ุงููู ุตุงุฑ ูููุงุณ ูุน ุงุณ ุชู ุณู ุจุงู ุตุงุฑ ุถุฑูุฑู ุงููุงุญุฏ ูุญุท ูู ูุจูุบ ูุตุฑูู ุนูู ุฌูุจ ููุซู ูุงูุงูุงู ุ ุงููู ูุนูููู ๐ฅฒ,0,2022-02-19 10:13:10+00:00,13
196,RT @aljo0ohra_: ุจุนุฏ ุงููู ุตุงุฑ ูููุงุณ ูุน ุงุณ ุชู ุณู ุจุงู ุตุงุฑ ุถุฑูุฑู ุงููุงุญุฏ ูุญุท ูู ูุจูุบ ูุตุฑูู ุนูู ุฌูุจ ููุซู ูุงูุงูุงู ุ ุงููู ูุนูููู ๐ฅฒ,0,2022-02-19 10:09:11+00:00,13
197,@stcpay_ksa ูุชููู ููู ุงูุชูููู ูุงููุฌุงุญ ุงุณ ุชู ุณู ุจุงู ุงููุญูุธู ุงูุฑูููู ุงุณ ุชู ุณู ุจุงู ููุจุฑ 1 ูู ุงูุดุฑู ุงูุงูุณุท ูุดูุฑุง ุนูู ุฎุฏูุงุชูู ุงูุชู ุชูุฏููุง ุงูุฎุฏูุงุช ูุง ูุญุฏูุฏู ูู ุฌูู ูุงูุงูุฌุงุฒ ุชุญูุงุชู ููู  ุงุชููู ููู ุงูุชูููู ูุงููุฌุงุญ ุฎุฏูุงุช ุงุณ ุชู ุณู ุจุงู ูุง ูุนูู ุนูููุง ูู ุฌูู ุงูุณุฑุนู ูุงูุซูู,0,2022-02-19 09:59:03+00:00,0
198,ูู ูุณุชุฎุฏู ูุฑุฑ ูุณุญุจ ุนูู ุงุณ ุชู ุณู ุจุงู ุจุนุฏ ุงูุญุฑูุฉ ุงูุฃุฎูุฑุฉุ ูุณุชุงูููู.,0,2022-02-19 09:33:40+00:00,0
199,"@aljo0ohra_ ุงุณ ุชู ุณู ูุงูุซููุง ูููู ุจููุงุชูุฑูู ุชุจูู ูุญุท ูููุณูุง ุนูุฏูู ูุงููู ุงููู ูุนุชูุฏ ุนูููู ุจุงููููุณ ุงูู ุจุฏูู ูุฎ
ูุด ููุตุฑู ุจุทุงูุงุช ุงูุจูู ูุงูุงุจู ุจุงู",6,2022-02-19 09:28:30+00:00,0
200,RT @aljo0ohra_: ุจุนุฏ ุงููู ุตุงุฑ ูููุงุณ ูุน ุงุณ ุชู ุณู ุจุงู ุตุงุฑ ุถุฑูุฑู ุงููุงุญุฏ ูุญุท ูู ูุจูุบ ูุตุฑูู ุนูู ุฌูุจ ููุซู ูุงูุงูุงู ุ ุงููู ูุนูููู ๐ฅฒ,0,2022-02-19 09:26:46+00:00,13
201,"RT @saadineur: ุงุณ ุชู ุณู ุจุงู @stcpay_ksa ูุชุนุทู ูู ูู ููู. 

ูุชููู ุงููุดุงูู ุงูุชูููุฉุ ููู ุบูุฑ ููุจูู ุงู ุชุชุนุทู ุฎุฏูุฉ ุงู ุดุฑูุฉ ุนูู ุณุทุญ ุงููุฑู ุงูุงุฑุถูุฉโฆ",0,2022-02-19 09:20:07+00:00,5
202,ุจุนุฏ ุงููู ุตุงุฑ ูููุงุณ ูุน ุงุณ ุชู ุณู ุจุงู ุตุงุฑ ุถุฑูุฑู ุงููุงุญุฏ ูุญุท ูู ูุจูุบ ูุตุฑูู ุนูู ุฌูุจ ููุซู ูุงูุงูุงู ุ ุงููู ูุนูููู ๐ฅฒ,134,2022-02-19 09:17:06+00:00,13
203,RT @iem10r: @AppMrsool ูุนูู ุงูุด ูุงูููุงู ุจูุชููู ุงูุชุนุงูู ูุน ุงุณ ุชู ุณู ุจุงู ููุง ููู ูุงููู ูุญูุง ูุงูููู ุงู ุญุงุฌู https://t.co/ExbnS9KvBR,0,2022-02-19 09:02:08+00:00,1
204,@AppMrsool ุงูุณูุงู ุนูููู... ููุงุฐ ูู ุชูููู ุจุชุญููู ูุจุงูุบ ุงูููุงุฏูุจ ุงููุชุงุฎุฑู... ุฑุบู ุดุบู ุงุณ ุชู ุณู ุจุงู ุจููุงุกูุุ,0,2022-02-19 08:52:52+00:00,0
205,"@AppMrsool ุงูุณูุงู ุนูููู
ููุฏ ุชู ุนูู ุงุณ ุชู ุณู ุจุงู ูุฑู ุงุฎุฑู... ููุงุฐุง ูู ุชุญููู ูููุณ ุงูููุงุฏูุจ  ุงูู ุงูุงู",0,2022-02-19 08:39:10+00:00,0
206,@stc ุญููุช ุฑุงุชุจ ุงูุฎุฏุงูู ุนูู ุงุณ ุชู ุณู ุจุงู ุนูู ุงุณุงุณ ุงุญููู ููุง ูู ุจูุฑู ูููู ุฏุฎูุช ูููุช ุงูุจุฑูุงูุฌ ูุนูู ูููู ุงุชุตูุช ุชููู ุงูููุธูู ูุงููู ููุช ูุญุฏุฏ ุนูุดุงู ููุชุญ ููุช ูุด ุงูุญู ูุงูุช ุงุฑูุนู ุดููู ูุนูู ูุงุนูุฏูู ููู ุชุฑุฌุนูู ูููุณูุง ุนูู ุทูู ุชุจูููุง ูุดุชููุ!!!! @CITC_SA ูุด ุงูุญู,0,2022-02-19 08:32:15+00:00,0
207,RT @Satoshi_lll: ุนูุฏูุง ุจุงูุณุนูุฏูู QR National code standards .. ูุซูุฑ ุชุทุจููุงุช ูุซู ุงุณ ุชู ุณู ุจุงู ููุญุงูุธ ุงูุจููู ูุงูููุชู ูุฑุจุช ุชูุชูู.. ูุงูู ุงูุด ุงูโฆ,0,2022-02-19 07:39:09+00:00,32
208,"@stcpay_ksa ูุงูุฒุงู ูุธุงู ุดุฑูุฉ ุงูุงุชุตุงูุงุช ููุฌูุฏ ูู ูุญูุธุฉ ุงุณ ุชู ุณู ุจุขู ููู ุนุฏู ุงูุชูุงู ุจุงูุงูุงุช ููุชุญุฏูุซ ูุจุฏูู ุงุฎุจุงุฑ ุงูุนููุงุก ูุฏูู ุฑุตูุฏ ูุงูุง ุจุงููุณุชูู ู ุงุชูุงุฌุฆ ุงู ูุง ุชุนูู ุจุทุงูุชู ุดููุงู ู ุจูู ุงูููุฏ ุงูุณุนูุฏู ุฃููุง @SAMA_GOV 
ูุญู ููุงุทููู ุฌููุนูุง ุชุถุฑุฑูุง ูู ูุขุฎุฐ ุญููุง ููุนูุถูุง ูู ูุฐุง ุงูุฅุฌุฑุงุก ุจุงูุฌูุฏุฉ @urpay_sa https://t.co/iMAcLsm7wx",1,2022-02-19 07:38:24+00:00,0
209,"RT @saadineur: ุงุณ ุชู ุณู ุจุงู @stcpay_ksa ูุชุนุทู ูู ูู ููู. 

ูุชููู ุงููุดุงูู ุงูุชูููุฉุ ููู ุบูุฑ ููุจูู ุงู ุชุชุนุทู ุฎุฏูุฉ ุงู ุดุฑูุฉ ุนูู ุณุทุญ ุงููุฑู ุงูุงุฑุถูุฉโฆ",0,2022-02-19 07:24:03+00:00,5
210,"ุชุญุฏู ุงูุนูุงููุฉ ูู ุงูุฃุนุทุงู ูุชุนุทูู ูุตุงูุญ ุงูุฎูู.
ุงุณ ุชู ุณู ุจุงู vs ุงูุฑุงุฌุญู ูุงุจูุชุงู 
ูู ููููู ูุง ุงูุฏุฑ ุงุณุชุฎุฏู ุดุจูุฉ ููุง ุชุทุจูู ููุตุงูุญู ูุนุทูุฉ..
๐ญ๐ญ#stc_pay #stcpay_ุฑุฌุนู_ูููุณ_ุงููุงุณ",0,2022-02-19 07:00:15+00:00,0
211,ูุงูุญู ุงูุญูู ูุน ุงุณ ุชู ุณู ุจุงู !,1,2022-02-19 06:19:51+00:00,0
212,ูุงููู ูุง ุงูู ุงุณ ุชู ุณู ุจุงู ุงููููุง ูููุญ ุชุงุฑูุฎู ๐ซ,1,2022-02-19 06:19:44+00:00,0
213,"RT @XB_CARDS: ูุชุฌุฑ ููุงุนุจูู ุฅูุณุจููุณ๐!
ุฃูู ูุฃุถุฎู ูุชุฌุฑ .. ุฅุดุชุฑุงูุงุช ุงูุนุงุจ ุชุทุจููุงุช ุงุฎุฑู ูููุง ูุชููุฑุฉ ูู ููุงู ูุงุญุฏ ๐ฅ

https://t.co/jr62cwKkht ููุงโฆ",0,2022-02-19 05:39:37+00:00,2
214,@Mohamed_1813 @stcpay_ksa ูุฏุฑุช ุชุญูู ูููุณู ูู ุงุณ ุชู ุณู ุจุงู ู ููุฑ ุจุงู ุุุุุุุ,1,2022-02-19 05:12:27+00:00,0
215,"RT @saadineur: ุงุณ ุชู ุณู ุจุงู @stcpay_ksa ูุชุนุทู ูู ูู ููู. 

ูุชููู ุงููุดุงูู ุงูุชูููุฉุ ููู ุบูุฑ ููุจูู ุงู ุชุชุนุทู ุฎุฏูุฉ ุงู ุดุฑูุฉ ุนูู ุณุทุญ ุงููุฑู ุงูุงุฑุถูุฉโฆ",0,2022-02-19 05:05:34+00:00,5
216,"ูุชุฌุฑ ููุงุนุจูู ุฅูุณุจููุณ๐!
ุฃูู ูุฃุถุฎู ูุชุฌุฑ .. ุฅุดุชุฑุงูุงุช ุงูุนุงุจ ุชุทุจููุงุช ุงุฎุฑู ูููุง ูุชููุฑุฉ ูู ููุงู ูุงุญุฏ ๐ฅ

https://t.co/jr62cwKkht ููุง โจ

ููุจู ุทุฑู ุงูุฏูุน ๐ณ:
ุฌููุน ุจููู ุงูุณุนูุฏูุฉุ ูุฏูุ ููุฒุงุ ูุงุณุชุฑูุงุฑุฏุ ุจุงู ุจุงูุ ูู ูุชุ ุจุทุงูู ุณูุงุ ุฃุจู ุจุงูุ ุงุณ ุชู ุณู ุจุงู",7,2022-02-19 04:58:50+00:00,2
217,"ุงุญุฏ ุนูุฏู ุฎุจุฑ ุฒูู ุนูู ูุงูุตุจุญูู ุุ
ููุงุชุฑ ู ููุนุช ูุณุท ุงูุจุญุฑ 
ุฏุฑุงูู ุงูุดุนุจ ูู ุชููุชุด ู ุนููููุง 
ู ุฏุฑุงูู ุงุณ ุชู ุณู ุจุงู ูุนููู 

ุดุจุงุจ ุงู ุฎุจุฑ ุญูู ููุง ูุงูุง ูููุง ุชูููู ๐ฅฒ",11,2022-02-19 03:33:27+00:00,0
218,@yosef8113 @stcpay_ksa @urpay_sa ูููุฒุงุชูุง ูุซู ุฃุณ ุชู ุณู ุจุงู ุจุถุจุท ูุนุงุฏ ููู ูุฒุงูุง ุงุญูุง ุชูุฏุฑ ุชุฏูุน ูููุทุงุนู ุงูููุชุงุฌุฑ  ูุชุญูุงู ููู ุดู ูููุง ุญูู ุงูุชุชุทุจูู ูู ุงููุชุฌุฑ ูุฐุง ุงุณูู ูู ุงููุชุฌุฑ Urpag,0,2022-02-19 03:31:08+00:00,0
219,RT @Hadisbak: @SHH5944 @stcpay_ksa @Ra7eemC @urpay_sa ุชุงุจุน ููุฑุงุฌุญู ูุฃูุถู ุจูุซูุฑ ูู ุงุณ ุชู ุณู ุจุงู,0,2022-02-19 03:22:54+00:00,1
220,@stcpay_ksa ูุงููู ุงูุนุถูู ุฎูุงุต ูุฐู ุทูุงู ุงุณ ุชู ุณู ุจุงู ูุญุชุงุฌ ุจุดุฏ ุงูุญุงุฌู ูุงูุชู ููุฏุฑุชู ุชุญูู ุงูููุถูุน ุจุฃุณุฑุน ููุช ุดุจุงุจ ุงูุตุญูู @urpay_sa  ูุงููู ุฌุฏุงุงุง ุฑูุนู ุดูุฑุง ููู ุจุตุฏู,3,2022-02-19 01:01:41+00:00,0
221,@jay69v @nas_2033 @AppMrsool ุงูุง ูุณุชุฎุฏู ุงูุงููู ูู ุฒูุงู ูุด ุฏุฎู ุงุณ ุชู ุณู ุจุงู,0,2022-02-19 00:41:39+00:00,0
222,@SHH5944 @stcpay_ksa @Ra7eemC @urpay_sa ุชุงุจุน ููุฑุงุฌุญู ูุฃูุถู ุจูุซูุฑ ูู ุงุณ ุชู ุณู ุจุงู,0,2022-02-19 00:37:17+00:00,1
223,ุงุณ ุชู ุณู ุจุงู ูู ูุงูุทูููู ุณุฑุงุญ ูููุณู ุจูููู ุจูุณ.,0,2022-02-18 23:25:22+00:00,0
224,@urpay_sa @Hootgo1 ุฌุงุฑู ุงูุงู ูุชุญ ุงูุญุณุงุจ ูุญุฐู ุงุณ ุชู ุณู ุจุงู,0,2022-02-18 23:25:17+00:00,0
225,"RT @saadineur: ุงุณ ุชู ุณู ุจุงู @stcpay_ksa ูุชุนุทู ูู ูู ููู. 

ูุชููู ุงููุดุงูู ุงูุชูููุฉุ ููู ุบูุฑ ููุจูู ุงู ุชุชุนุทู ุฎุฏูุฉ ุงู ุดุฑูุฉ ุนูู ุณุทุญ ุงููุฑู ุงูุงุฑุถูุฉโฆ",0,2022-02-18 23:18:39+00:00,5
226,"ุงุณ ุชู ุณู ุจุงู @stcpay_ksa ูุชุนุทู ูู ูู ููู. 

ูุชููู ุงููุดุงูู ุงูุชูููุฉุ ููู ุบูุฑ ููุจูู ุงู ุชุชุนุทู ุฎุฏูุฉ ุงู ุดุฑูุฉ ุนูู ุณุทุญ ุงููุฑู ุงูุงุฑุถูุฉ ุจุดูู ูุงูู ูุงูุซุฑ ูู ุณุงุนู (ุงูุตู ุญุฏ)ุ ูููู ูุนุฏุฉ ุงูุงู ููู ุดุฑูุฉ ูููุงุฑูู. 

ูุฑูุงุฏ ุงูุงุนูุงูุ ูุณุนูุง ุตุฏูุฑูู ุงุฐุง ุทุงุญุช ุงูุธูุชูู ูุจุนุถ ุงูููุช ๐๐ https://t.co/SWVK8Otux6",3,2022-02-18 23:13:58+00:00,5
227,RT @honeybunys: #STCPAY ุงุณ ุชู ุณู ุจุงู ูุชู ุชููุฐููุง ๐ฅฒ https://t.co/vRrB6IUUAp,0,2022-02-18 22:42:19+00:00,5
228,ุงุณ ุชู ุณู ุจุงู ุฒููุง ุจูุง ุจุตุฑุงุญู,1,2022-02-18 22:39:19+00:00,0
229,"ููุฃูุงูุฉ ุชุนููู ุงุณ ุชู ุณู ุจุงู ูู ูุงุฐู ุงูุฃูุงู ุณุจุจ ุถุฑุฑ ู ุฃููุฏูู ุงูุซูุฉ ูู ุงูุชุทุจูู ููุซูุฑ ููุฏุญูู ุชุทุจูู ููุงูุณ ู ููุฏู ุฎุฏูุงุช ู ุนุฑูุถ ุฃูุถู.

ุฃุชููู ุงุณ ุชู ุณู ุจุงูุ ูุชุนูููู ูู ูุงุฐู ุงูุบูุทุฉ ู ูุง ุชุชูุฑุฑ.

ุฌุงุฑู ุฅุบูุงู ุงูุญุณุงุจ ูุญุณุจู ุงููู ููุนู ุงููููู",0,2022-02-18 21:47:04+00:00,0
230,@Ahmad__Aldajani @Ahmed_Q @stcpay_ksa @urpay_sa ุงูุง ูุซูู ูุงููู ุงูุชุธุฑ ุจุณ ุชูุชูู ุตูุงูุฉ ุชุทุจูู ุงุณ ุชู ุณู ุจุงู ูุงุญูู ูู ุงููู ููู ููurpay,1,2022-02-18 21:24:03+00:00,0
231,@ahmad_neyazii ุชููู ุงุณ ุชู ุณู ุจุงูุ https://t.co/UOEgccI0NJ,1,2022-02-18 20:44:09+00:00,0
232,@AppMrsool ูุนูู ุงูุด ูุงูููุงู ุจูุชููู ุงูุชุนุงูู ูุน ุงุณ ุชู ุณู ุจุงู ููุง ููู ูุงููู ูุญูุง ูุงูููู ุงู ุญุงุฌู https://t.co/ExbnS9KvBR,3,2022-02-18 20:30:46+00:00,1
233,@stcpay_ksa ูุนูููู ู ูู ูุนูู ุชุทุจูู ุงุณ ุชู ุณู ุจุงู ูู ุงูุฃูุถู..ุฅูู ุงูุฃุณูุก โน,0,2022-02-18 20:28:18+00:00,0
234,@Ziyad1950 @Fahad_al7arbi_8 @ask__jeddah1 ุงุนุชูุฏ ููุตุฏ ุงุณ ุชู ุณู ุจุงู... ูุงูู ุงูุง ููู ุฃุญูู ูู ุญุณุงุจู ุงู ุงุณ ุชู ุณู ุฎุงุฑุฌ ููุช ุงูุฏูุงู ุงูุฑุณูู ุชูุตู ุงูููู ุงูุซุงูู,0,2022-02-18 20:19:35+00:00,0
235,ุงุณ ุชู ุณู ุจุงู ูู ูู ูุนูู ุฎูุฑ ุงุจู ูููุณู ุฑุฌุนููุง,0,2022-02-18 20:02:17+00:00,0
236,"ุทุฑู ุนูู
ุงุณ ุชู ุณู ุจุงู ๐๐",0,2022-02-18 19:45:09+00:00,0
237,ุงุณ ุชู ุณู ุจุงู ูุงูููุง ูุณููู ุตูุงูุฉ ุฃูุง ุงูููู ๐ก,0,2022-02-18 19:43:09+00:00,0
238,"ูุด ุตุงูุฑ ุนูู ุงุณ ุชู ุณู ุจุงู stcpay ุ
#ุชุงุณู",2,2022-02-18 19:37:05+00:00,0
239,ุงุณ ุชู ุณู ุจุงู ูุงูุฑุงุฌุญู ุงููุงููุฉ ูุง ูุดุชุบููู ูุง ูููู ุงูุนูู ููู ุดูุก ๐,0,2022-02-18 18:08:43+00:00,0
240,"@Saudi_Eagle262 @stcpay_ksa @urpay_sa ูุงุด ุจุงู ุงุณ ุชู ุณู 0.5%
ูุงุด ุจุงู ููุฑ ุจุงู 1%

ููุฑ ุจุงู ุชุญููู ุฏููู ูุงุด ุจุงู 5% https://t.co/WYdpS1Msxt",0,2022-02-18 17:52:16+00:00,0
241,"RT @RenoZ_t: ุงูุฑุฌุงุก ูู ุฌููุน ูุณุชุฎุฏูู ุงุณ ุชู ุณู ุจุงู  @stcpay_ksa ุงููุชุถุฑุฑูู ุชููู ุงูุชุทุจูู ูู ุงููุชุฌุฑ ุจ ูุฌูุฉ ูุงุญุฏุฉ. 
#stcpay https://t.co/jVmfKD3gโฆ",0,2022-02-18 17:48:10+00:00,2
242,@AppMrsool @FojoFaisall ูุนูู ุนูู ุฐุงูู ูุณูู ุฎูู ุงูุงุฎ ุงุณ ุชู ุณู ุจุงู ูุนูู ูุงูุญูู ูู ููููุฏ ูุด ูุงูููุจู,0,2022-02-18 17:45:45+00:00,0
243,ุฌูุนุงู ุงููู ููุนู ุงุณ ุชู ุณู ุจุงู ุงูุง ุฏูุฏู ุญููุช ูู ูููุณู ูููุง,3,2022-02-18 17:27:19+00:00,0
244,ุงุณ ุชู ุณู ุจุงู ูู ุดูู ุตูุงูุฉุุุุุ๐ก๐ก๐ก๐ก,0,2022-02-18 17:12:57+00:00,0
245,"ุงูุฑุฌุงุก ูู ุฌููุน ูุณุชุฎุฏูู ุงุณ ุชู ุณู ุจุงู  @stcpay_ksa ุงููุชุถุฑุฑูู ุชููู ุงูุชุทุจูู ูู ุงููุชุฌุฑ ุจ ูุฌูุฉ ูุงุญุฏุฉ. 
#stcpay https://t.co/jVmfKD3gOu",7,2022-02-18 17:08:59+00:00,2
246,RT @mhmd43818169: @stcpay_ksa ูู ููู 15 ูุงููู ุงู ุชุฌุงูููููุจ ููููููุณูุง ุฑุงุญุช ูุน ุงุณ ุชู ุณู ุจุงู,0,2022-02-18 16:43:13+00:00,1
247,RT @honeybunys: #STCPAY ุงุณ ุชู ุณู ุจุงู ูุชู ุชููุฐููุง ๐ฅฒ https://t.co/vRrB6IUUAp,0,2022-02-18 16:40:53+00:00,5
248,"@AppMrsool ูุชู ุจูุธุจุท ุงุณ ุชู ุณู ุจุงู 
ุทูุฑูุง ูุจู ูููุณูุง ูุงุญููุชู",3,2022-02-18 16:19:37+00:00,0
249,@makkawi_12 @AppMrsool ุงูุง ููุช ุนูู ุงุณ ุชู ุณู ุจุงู ูุตูุช ุทูุจ ููุงุฌุงุชูู ูููุฉ ุงุทูุจ ูุชููุช ููููู ููุช ุฎู ุงุณูู ุญุณุงุจ ูู ุจูู ุงูุงููู ุณููุช ุญุณุงุจ ูุฑุญุช ุงุฎุช ุงูุจุทุงูู ูุญุทูุชู ูู ูุฑุณูู ููุช ูุตุญูุช ุชุญููุช ุงููููุณ ุงูู ุจูู ุงูุงููู๐๐ผ ุงุณ ุชู ุณู ุจุงู ูุงุนุงุฏ ุชุนุชูุฏ ุนููู ููู ูู ููู ุนูุฏูู ุตูุงูู ูุตูุงูู ุฎูู ุนูู ุงูุงููู ูุงููู,0,2022-02-18 16:00:50+00:00,0
250,RT @honeybunys: #STCPAY ุงุณ ุชู ุณู ุจุงู ูุชู ุชููุฐููุง ๐ฅฒ https://t.co/vRrB6IUUAp,0,2022-02-18 15:58:53+00:00,5
251,@makkawi_12 @AppMrsool ูุง ูุงุญุจูุจู ููุจู ุญุทูุช ุญุณุงุจ ุจูู ุงูุงููู ูุชููุช ููููู ุฒูุงุฏู ุจุนุฏูู ูุฌุนุช ุงููููุณ ุนูู ุจูู ุงูุงููู ุงุณ ุชู ุณู ุจุงู ุจุทูุช ุงุญุทู ูู ูุฑุณูู ูู ููู ููู ุชุญุฏูุซ ุชุตูุญู ููู ูู ุญุท ุญุณุงุจู ูู ุจูู ุงูุงููู ุชูุตูู ุงููููุณ ุจุนุฏ ูู ุทูุจ ุจูุต ุณุงุนู ๐๐ผ ุจุณ ุงูุญูู ูููู ุงุญุณุงุจู ูุงุงุฏุฑู ููู.ุ๐๐,0,2022-02-18 15:26:02+00:00,0
252,ุงุณ ุชู ุณู ุจุงู ุชุจููู ุงุจู ุงุทูุจ ูููุญูู ูุนูู ููููููู ุงูุชูุง ูุจุฑูุงูุฌูู ูููุณู ูููุง ููุงู ุฎุฑุง ุนูููู,0,2022-02-18 15:19:06+00:00,0
253,ุงุณ ุชู ุณู ุจุงู ููุชุญ ุนูุฏูู ุุ,0,2022-02-18 15:09:58+00:00,0
254,@stcpay_ksa ูููุณูุง ูุง ูุฏุฑู ุนููุง ู ููุธููู ุงุณ ุชู ุณู ุจุงู ุนูู ุณูุงุจ : https://t.co/OsK24v81GO,2,2022-02-18 15:05:48+00:00,0
255,"@SNBCares ุณูุงู ุนูููู 

ุงูุง ุดุญูุช ูุญูุธู ุงุณ ุชู ุณู ุจุงู ุจ 8 ุงูู ูุชู ุฎุตููุง ูู ุจูู ุงูุงููู 

ุจุณ ุงููููุณ ูู ุชูุตู ุงูู ุงุณ ุชู ุณู ุจุงู 
ููุงุฌุงุช ุฑุณุงูู ููุงุฆูุง 
ูุด ุงูุญู https://t.co/0KEiCThFpA",0,2022-02-18 15:04:58+00:00,0
256,ูุงููู ูุง ุงูู ุงุณ ุชู ุณู ุจุงู ุงููููุง ูููุญ ุชุงุฑูุฎู,1,2022-02-18 14:20:18+00:00,0
257,#STCPAY ุงุณ ุชู ุณู ุจุงู ูุชู ุชููุฐููุง ๐ฅฒ https://t.co/vRrB6IUUAp,12,2022-02-18 13:33:25+00:00,5
258,@MoonwalkerSaad ูุฐุง ุงุณ ุชู ุณู ุจุงู ุญููู,0,2022-02-18 13:19:08+00:00,0
259,@14FSJ ุงุณ ุชู ุณู ุจุงูุ ูุฑุฉ ุตุงูุฑ ุฒู,0,2022-02-18 13:11:52+00:00,0
260,ูุงููู ูู ุงูููุจู ุ ุงุณ ุชู ุณู ุจุงู ูุฑุฑูุง ูุณููู ุตูุงูู ๐ ุงูุญูู ุจุทุงูุชู ูุงูููุง ูุงูุฏู .,0,2022-02-18 13:08:15+00:00,0
261,ุงููุงูุง ูู ุงูุฑุงุฌุญู ุงููู ูุฌูุฏูู ุญุณุงุจู ุนุดุงู ูููุฉ ููุง ุงุณ ุชู ุณู ุจุงู ุงูุฒูุช ุงููู ูุนูู ูุทูุฑ ูููุณู ๐,4,2022-02-18 13:05:23+00:00,1
262,ุงุณ ุชู ุณู ุจุงู ูููู ุงูุชุทุจูู ูุฌุงู ููุฑูุทููู ๐,0,2022-02-18 12:36:33+00:00,0
263,@abdulraman_999 @Rawan_Tech_LLC @Mudad_sa ุงูุชุญ ุงุณ ุชู ุณู ุจุงู ูุงุฑุจุท ุงูุญุณุงุจ ุจูุฏุฏ,0,2022-02-18 12:22:48+00:00,0
264,@Rawan_Tech_LLC @Mudad_sa ุงูุชุญ ุงุณ ุชู ุณู ุจุงู ูุงุฑุจุทู,0,2022-02-18 12:22:31+00:00,0
265,@stcpay_ksa ุชุญุฏูุซ ุงุฎุฑ ุงูุดูุฑ ูุงุฎู ุญุฑุงู ูุนู ูููุณ ู ุงุฑูุญ ุงุชุณูู ูู ุงููุงุณ ุนุดุงู ุชุทุจูู ุงุณ ุชู ุณู ุจุงู ูุณูู ูู ุชุญุฏูุซ ูุด ุฐูุจู ุงูุง ุุุุ!!!!,0,2022-02-18 12:03:37+00:00,0
266,@Sara_20050 @stcpay_ksa @McitGovSa ุงูุง ุงุญูู ูุญุณุงุจู ุงูุจุฑูุทุงูู ูู ุงูุณุนูุฏู ุนุจุฑ ุฎุฏูุงุช ุงุณ ุชู ุณู ุจุงู ู ูุงูุช ุชุฌุฑุจุชู ูุนุงูู ุฌุฏุง ุฑุงุฆุนุฉ ุทูุงู ุณูุฉ ูุงูุญูู ุงูุฏุนุช ูุจูุบ ููู ูกูข ุงูู ููุฎุชูู ููู ููุฌูุฏ ูู ูุญูุธุฉ stcpay ูุทูุน ูู ุญุณุงุจู ุงูุณุนูุฏู ู ุงุจุฏ ูุฏุฑู ูููุณู ููููุง ุงูุญูู ูููููุง ุงููููู ูุนุทููู ุฑุฏ ุงูู ุดูุฑุง ูุตุจุฑู ูุจูุฑุฌุน ูุฑูุจ ููู ููู ุงุณุจูุนูู!!,0,2022-02-18 11:32:23+00:00,0
267,@A7medd86 ุงูุง ุงุญูู ูุญุณุงุจู ุงูุจุฑูุทุงูู ูู ุงูุณุนูุฏู ุนุจุฑ ุฎุฏูุงุช ุงุณ ุชู ุณู ุจุงู ู ูุงูุช ุชุฌุฑุจุชู ูุนุงูู ุฌุฏุง ุฑุงุฆุนุฉ ุทูุงู ุณูุฉ ูุงูุญูู ุงูุฏุนุช ูุจูุบ ููู ูกูข ุงูู ููุฎุชูู ููู ููุฌูุฏ ูู ูุญูุธุฉ stcpay ูุทูุน ูู ุญุณุงุจู ุงูุณุนูุฏู ู ุงุจุฏ ูุฏุฑู ูููุณู ููููุง ุงูุญูู ูููููุง ุงููููู ูุนุทููู ุฑุฏ ุงูู ุดูุฑุง ูุตุจุฑู ูุจูุฑุฌุน ูุฑูุจ ููู ููู ุงุณุจูุนูู!!,0,2022-02-18 11:31:34+00:00,0
268,@stcpay_ksa ุงูุญูู ูููุณู ูุนููู ููุง ูุตูุช ุงูุญุณุงุจ ูู ูุง ุงุณ ุชู ุณู ุจุงู ูุฑุถููู ุงูุญูู ูุนูู,5,2022-02-18 11:06:07+00:00,1
269,@stcpay_ksa ูุงุญุจูุจูุง ุณุญุจุช 2000 ุฑูุงู ูู ุจุทุงูุฉ ุงุณ ุชู ุณู ุจุงู ูู ุตุฑุงู ุงูุฑุงุฌุญู ูุงุฎุชุตู ุงููููุณ ููุง ุทูุน ูู ุดู ููู 14   ูุจุฑุงูุฑ ุงุฑุฌู ุฅุฑุฌุงุน ุงููุจูุบ,0,2022-02-18 09:57:57+00:00,0
270,@stcpay_ksa ุงูุณูุงู ุนูููู ุงูุง ุญุงุท ูููุณู ูู ุงุณ ุชู ุณู ุจุงู ูุงุฌู ุงูุญูู ุฃุญุงุณุจ ูุง ุชุญุงุณุจ ุงุฏุฎู ุนูู ุงูุชุทุจูู ุฎุฑุจุงู ููู ูุชุญูู ูุงููุดููุฉ ุงููู ุงูุง ูููุง!!ุ,1,2022-02-18 09:38:22+00:00,0
271,ูุฐู ุงุฎุฑ ูุฑุฉ ูุญูุงุชู ุงุชุนุงูู ูุน ุงุณ ุชู ุณู ุจุงู ูุด ุฐุงูุชุญุฏูุซ ุงููู ูู ุงุณุจูุนูู !!!! ูุญูุธุฉ ุงููุชุฑูููุฉ ููุงูููุง ุชููููู ูุญุฏุซูููุง ูู ูุชุฑุฉ ุงูู ! ุงุณุจูุนูู ูุซูููููุฑ!!!!!!,2,2022-02-18 09:21:57+00:00,0
272,@stcpay_ksa ุงูุง ูุญูู ูู ุญุณุงุจู ุจุฑุงุฌุญู ู ุงุณ ุชู ุณู ุจุงู ููู ุซูุงุซ ุงูุงู ูุง ุฌุงูู ูููุชูู ูุฑุชูู ูุงููุง ูุฏููุง ุทูุจ ููููุชูู ุฎุงุต ููุง ุฑุฏูุชูุง ูุนูู ุงูุฒุฑูุช ููุง ููู ุ,2,2022-02-18 06:42:56+00:00,0
273,"@stcpay_ksa ุจุญูู ุงููู ููุช ุชุญุฏูุซ ุงุชููู ุชุบูุฑู ุงุณููู ูู ุงุณ ุชู ุณู ุจุงู ุฅูุง ุงุณ ุชู ุณู ุฌูุช ๐
ุนูู ุงูุฃูู ุงูุณุฑู ุงูุฑูุชูู",0,2022-02-18 04:58:15+00:00,0
274,@AppMrsool ูุณุนุฏ ุตุจุงุญูู ุงูุง ููุฏูุจ ูุฏููู ูุงุฒุงูุช ูุฏู ุจุนุถ ุงููุจุงูุบ ุงูุนุงููู ูู ูุชุฑุฉ ุตูุงูู ุงุณ ุชู ุณู ุจุงู ูุน ุงูุนูู ููุช ุจุชุซุจูุช ุญุณุงุจ ุงููู ุจุฏูู ู ูู ูุตููู ุงููุจุงูุบ ุจุนุฏ. ููู ุงุชูุงุตู ูุนูู ููู ุฌุฒูู ุงูุดูุฑ ูุงูุชูุฏูุฑ ูุงูุงุญุชุฑุงู,0,2022-02-18 04:54:03+00:00,0
275,@AppMrsool ุงูุง ููุฏูุจ ูุฏููู. ูุงุฒุงูุช ูุฏู ุจุนุถ ุงููุจุงูุบ ูู ุชุตููู ูุฐุงู ุจุณุจุจ ุชุญุฏูุซุงุช ุงุณ ุชู ุณู ุจุงู ูุน ุงูุนูู ููุช ุจุชุซุจูุช ุญุณุงุจ ุงููู ุจุฏู ุงู ุงุณ ุชู ุณู ููุงุฒูุช ุงูุชุธุฑ ูุน ุฎุงูุต ุงูุดูุฑ ูุงูุชูุฏูุฑ ูุงูุงุญุชุฑุงู,0,2022-02-18 04:50:39+00:00,0
276,ุงุญุณ ูุณุฎููุง ุงุณ ุชู ุณู ุจุงู ููู ูุนูู !!,2,2022-02-18 02:29:23+00:00,0
277,RT @shey1400: @stcpay_ksa @Bl_tag ุนูุงููู  ูุง ุงุณ ุชู ุณู ุจุงู  ุชูุฑุทูุง ูุนูู   ุฑุฏูุง ุนูููุง  ุฅูู ูุชู.....,0,2022-02-18 00:46:06+00:00,1
278,@Mz28547862 @AppMrsool @HungerStation @JahezApp ุงููุดููู ุญุชู ุชุทุจูู ุงุณ ุชู ุณู ููุณู ูุนุฏ ููุฏูู ุชุณุญุจ ููู ุจุงู ููุงู,0,2022-02-18 00:18:27+00:00,0
279,@stcpay_ksa ูู ููู 15 ูุงููู ุงู ุชุฌุงูููููุจ ููููููุณูุง ุฑุงุญุช ูุน ุงุณ ุชู ุณู ุจุงู,0,2022-02-18 00:00:53+00:00,1
280,RT @xhlpx1: @stcpay_ksa @SAMA_GOV  ุงุทุงูุจ ูุคุณุณุฉ ุงูููุฏ ุงูุนุฑุจู ุชูุชูุช ููููุฌูู ูู ุชุนุงูู ุงุณ ุชู ุณู ุจุงู ูุน ุนููุงุฆูุง ูุงููุงููู ุจุณูููุฉ ุงูุชุนุงูู ูู ุงูุชุทุจโฆ,0,2022-02-17 23:45:26+00:00,1
281,RT @xhlpx1: @stcpay_ksa ุงุฐุง ุชุนุชูุฏูู ุงู ุงูุดุฎุต ุจูุณูุช ุนู ุญูู ูุงูู ูุฑุถู ุจุบุดูู ุงูุชูุง ุบูุทุงููู ูุงุฐุง ุชุชููุนูู ุงูู ุงูุงูุฑ ุจูุณุชูุฑ ุนูู ูุงูุญุงู ูู ุงูุชุณุชุฑโฆ,0,2022-02-17 23:44:13+00:00,1
282,RT @xhlpx1: @stc_ksa @stcpay ูุฐุฐุฐุฐุฐุงุจูู ุตุนุจุชููุง ูุงููุชูุง ุญููู ุงููุงุณ ุฑุงุฌุน ุฑุฏูุฏ ุงูุนุงูู ุนูู ุชุบุฑูุฏุงุช ุญุณุงุจุงุชูู ูููุง ูุถูุญู ุชูุดู ูููู ุจูุงูู ูู ุดุฑููโฆ,0,2022-02-17 23:44:00+00:00,1
283,RT @xhlpx1: @stcpay_ksa ููุนุงุฏูุง ุจุนุฏ ุตูุงุฉ ุงูุนุดุงุก ุจุงููุงุดุชุงู ูุงููู ูู ุงุฏูุน ุนูู ุฏุนู ูุงููุงุดุชุงู ูู ูุง ุงููู ุงูุง ุงุฎูููู ุชุทูุนูู ุนูู ุญูููุชูู ุงูุจุงุทููโฆ,0,2022-02-17 23:43:47+00:00,1
284,"ุงุณ ุชู ุณู ุจุงู ูุด ุตุงุฑ ูู
ูู ุญุฏุซูู ููู ุตุงูุฑ ูุณุชูุจู",0,2022-02-17 23:29:52+00:00,0
285,ุงุณ ุชู ุณู ุจุงู ูุนูู ูุนูู ุ,1,2022-02-17 22:04:41+00:00,0
286,ูุง ุฌูุงุนุฉ ูู ููุถูุน ุงูู ูู ุงููุดุงูู ุงููู ุตุงูุฑู ุงุณ ุชู ุณู ุจุงู ูุงูุดุชุบู ููููู ุณุงูุชูู ุนู ุงูููุถูุน !#stc_pay,1,2022-02-17 20:55:54+00:00,0
287,ูุงุนูุฑู ุญููุช ูุงุจูู ูููุณู ูููู ุญููุชูุง ูู ุงุณ ุชู ุณู ุจุงู ูููุช ููุง ุนุงุฏ ุทูุนุช ูู ุบุฑูุชู ุฎูุช ูููู ูุงูุตูุช ูููุณ ุงูุฑุฌุงู ุ ููุญูู๐,0,2022-02-17 16:15:56+00:00,0
288,"@AppMrsool ููุฏ ููุช ุจุชูุตูู ุงูุซุฑ ูู ุงุฑุจุน ุทูุงุจุงุช ููุงู ุงูุนููุงุก ุจุงูุฏูุน ุนู ุทุฑูู ุงุจู ุจุงู 
ููู ูุตููู ุงููุจูุบ ุนูู ุญุณุงุจู ู ุงูุจูู ุงูุงููู ููุง ุนูู ุญุณุงุจู ูู ุจุงู ุงุณ ุชู ุณู

ูููุช ุจุฑูุน ุดููู ููู ูุชู ุชุญููู ุงููุจุงูุบ ุงููุณุชุญูู 
ูุน ุงูุนูู ุนุฏู ุนูู ุงูุทูุงุจุงุช ุงูุซุฑ ูู ูขูค ุณุงุนู",0,2022-02-17 16:12:29+00:00,0
289,@stcpay_ksa ุญุณุจู ุงููู ุนูููู ูุญูู ูููุณ ูุญุณุงุจู ูู ุงุณ ุชู ุณู ุจุงู ูู ููู 15 ูุงูู ุงูุงู ูุง ูุตูุช ูู ูุชุญูู ุงูุชุงุฎูุฑ ุฐุง,0,2022-02-17 16:05:22+00:00,0
290,@stcpay_ksa @LodZ24113038 ุงุฑุฌู ุงูุฑุฏ ุฎุงุต ูุงูู ุนุตุจุช ูุณุฎุฑู ุงูุณุงูููุ ุญูุงูู ูู ุงุณ ุชู ุณู ุจุงู ูุจูู ุงูุฑูุงุถ ูุงูุตูุช ุงูู ุงูุงู ุชูุช ุงูุญูุงูู ุงูุณุงุนููค,0,2022-02-17 15:52:50+00:00,0
291,@stcpay_ksa ุญููุช ูู ุงุณ ุชู ุณู ุจุงู ุงูู ุญุณุงุจู ูู ุงูุจูู ูู ุชุตู ุงูุญูุงูู ููุง ููู,0,2022-02-17 15:33:49+00:00,0
292,ููุงุณู ุงูุดุฑูุฉ ุบูุฑ ุตุฑูุญู ุงูููุงูุงุช ูู ุชูุฒู ุฌุงุชูู ุฑุณุงูู ุจุงู ููุงู ุนุทู ูู ุงุณ ุชู ุณู ุจุงู ุชูุฌู ููููุชุจ ูุงุณูุงู ุงููุจูุบ ูููู ุงุฑูุญ ุงูููุชุจ ูููู ุงูุชูุช ูุงูุง ุงุฑูุญ ูู ูู ููุงู ุจุนูุฏ ูุจุนุฏ ุนูู ุญูุงูู ุณุงุนู,1,2022-02-17 14:56:26+00:00,0
293,@JeenyCare ููุงุณู ุงูุดุฑูุฉ ุบูุฑ ุตุฑูุญู ุงูููุงูุงุช ูู ุชูุฒู ุฌุงุชูู ุฑุณุงูู ุจุงู ููุงู ุนุทู ูู ุงุณ ุชู ุณู ุจุงู ุชูุฌู ููููุชุจ ูุงุณุชูุงู ุงููุจูุบ ูุงุด ูููู ุงุฑูุญ ุงูููุชุจ ูููู ุงูุชูุช ูุงูุง ุงุฑูุญ ูู ูู ููุทูุฉ ุจุนูุฏู ูุจุนุฏ ุนูู ุญูุงูู ุณุงุนู,0,2022-02-17 14:38:21+00:00,0
294,@ITS11I ุงูุง ุจุนุฏ ุญููุช ูู ุงุณ ุชู ุณู ุจุงู ูุญุณุงุจู ูุง ูุตูุช ูู ููููู๐๐,0,2022-02-17 14:34:30+00:00,0
295,@stcpay_ksa @esl_mohak ูู ุณูุญุช ููู ุฒุจูู ุฏูุน ูู ู ูุฑุณูู ุนู ุทุฑูู ุงุณ ุชู ุณู ุจุงู ููุงูุตููู ุงููุจูุบ ุงุฑุฌูุง ุงูุฑุฏุุุุ.,0,2022-02-17 14:28:00+00:00,0
296,@stcpay_ksa @zakariya_naji ุงูุง ุงุถูุช ูุจูุบ ุนู ุทุฑูู ุงุจู ุจุงู 1450 ูุงูู ุงููุญูู ูุงูุตู ุงุณ ุชู ุณู ุจุงู ููุง ุงุญุฏ ูููุถุญ ููุง  ุงูุดู ุงููู ุตุงูุฑ,0,2022-02-17 13:22:25+00:00,0
297,@AppMrsool ููู ุชุชุญูู ูุนูุฏูู ูุดููู ูู ุฑุจุท ุญุณุงุจ ุงุณ ุชู ุณู ุจุงู,0,2022-02-17 13:09:34+00:00,0
298,@stcpay_ksa ูุฑุญุจุง ูู ุญูุงูู ููุง 27 ุณุงุนู ูุงูุตูุช ูู ุงูุชุญููู ุตุงุฑ ูู ุงุณ ุชู ุณู ุจุงู ุงูู ุจูู ุงูุฑุงุฌุญู ููู ุชุตู ุงูุญูุงูู ุฎุฏูุฉ ุงูุฑุฏ ุงูุงูู ุณูุฆุฉ ุฌุฏุง ูุต ุณุงุนู ุงุชุตุงู ููุง ุงุณูุน ุงูู ุงูุฑุฏ ุงูุงูู ุงุฑุฌู ุงูุฑุฏ,0,2022-02-17 12:09:06+00:00,0
299,@CaptainsKSA ูุงุฌูุงุนุฉ ุนูุฏู ุญูุงูุฉ ูู ุงุณ ุชู ุณู ุจุงู ูุชู ุจุชูุตู ููุง 3 ุงูุงู,0,2022-02-17 11:17:33+00:00,0
300,@stcpay_ksa ุงูุง ุญููุช ูู ุงุณ ุชู ุณู ุจุงู ุงูู ุจูู ุงูุฑูุงุถ ูู ุงูุณ ุงูุณุงุนู ูฉููุต ุงูู ุงูุญูู ูก ุงูุธูุฑ ูุง ูุตูุช,0,2022-02-17 10:43:45+00:00,0
301,@stcpay_ksa @arwwa7a ุงูุง ุญููุช ูู ุงุณ ุชู ุณู ุจุงู ุงูู ุจูู ุงูุฑูุงุถ ูู ุงูุณ ุงูุณุงุนู ูฉููุต ุงูู ุงูุญูู ูก ุงูุธูุฑ ูุง ูุตูุช,0,2022-02-17 10:40:20+00:00,0
302,@stcpay_ksa ุณูุงูุงุช ูุง ุงุณ ุชู ุณู ุจุงู ุงูุญูู ุงูุฎุฏูู ุชููููู ุฑุงุญ ุชููู ุจุชุงุฑูุฎ ูกูฃ ู ูกูค ูุงูุง ุญููุช ุจุชุงุฑูุฎ ูกูฅ  ูุงูุญูุงูู ูุญููู ุงูู ููู ูุงูุตูุช ููููู ูุฑุณููู ุงููููุณ ุจูุงูู ููุง ุณุงุจุชูู,0,2022-02-17 10:26:29+00:00,0
303,@stcpay_ksa ุณูุงูุงุช ูุง ุงุณ ุชู ุณู ุจุงู ุงูุญูู ุงูุฎุฏูู ุชููููู ุฑุงุญ ุชููู ุจุชุงุฑูุฎ ูกูฃ ู ูกูค ูุงูุง ุญููุช ุจุชุงุฑูุฎ ูกูฅ  ูุงูุญูุงูู ูุญููู ุงูู ููู ูุงูุตูุช ููููู ูุฑุณููู ุงููููุณ ุจูุงูู ููุง ุณุงุจุชูู,0,2022-02-17 10:25:35+00:00,0
304,@stcpay_ksa @Bl_tag ุนูุงููู  ูุง ุงุณ ุชู ุณู ุจุงู  ุชูุฑุทูุง ูุนูู   ุฑุฏูุง ุนูููุง  ุฅูู ูุชู.....,0,2022-02-17 09:50:36+00:00,1
305,@nawaf_alonazi @urpay_sa ูุญูุธุฉ ุฑูููุฉ ูุงุจูุฉ ููุดุญูุ ุฒู ุงุณ ุชู ุณู ุจุงู ูุงูุงููุงุก ุจุงู ูููุง ุงูุฑูููุฉุ ุชุดุญููุง ุจุงููุจูุบ ุงููู ุชุจูู ุจุฏูู ุฑุณููุ ูุชุดุชุฑู ูููุง ูุชุญููุ ููู ูุญูุธุฉ ูู ุฐููุง ููุง ูุฒุงูุง ูุฎุชููุฉุ ูุซูุงู ุงูููุฑ ุจุงู ูููุง ููุฒุฉ ูุงุด ุจุงู ูกูช ูู ูููุฉ ุงูุดุฑุงุกุ ุจูุนูู ูู ุดุฑูุช ุจุนุดุฑุฉ ุฑูุงู ุฑุงุญ ูุฑุฌุน ูู ูกู ูููุงุช ูู ุนูููุฉ ุงูุดุฑุงุก,2,2022-02-17 09:48:52+00:00,0
306,@JeenyDriverKSA ููุงุณู ุงูุดุฑูุฉ ุบูุฑ ุตุฑูุญู ุงูููุงูุงุช ูู ุชูุฒู ุฌุงุชูู ุฑุณุงูู ุจุงู ููุงู ุนุทู ูู ุงุณ ุชู ุณู ุจุงู ุชูุฌู ููููุชุจ ูุงุณูุงู ุงููุจูุบ ูููู ุงุฑูุญ ุงูููุชุจ ูููู ุงูุชูุช ูุงูุง ุงุฑูุญ ูู ูู ููุงู ุจุนูุฏ ูุจุนุฏ ุนูู ุญูุงูู ุณุงุนู,1,2022-02-17 09:47:38+00:00,0
307,@stcpay_ksa  ุงูุณูุงู ุนูููู              ุงุถูุช ูุจูุบ ูุงูู ูุญุณุงุจู ูู ุงุณ ุชู ุณู ุจุงู ููุฏุงุฑู 400 ุฑูุงู ุนู ุทุฑูู ุงุจู ุจุงู ู ุงูุฎุตู ุงููุจูุบ ูู ุงูุจูู ู ูู ุชุชู ุงุถุงูุชู ูู ุญุณุงุจู ูุฏููู ุ ุนุณู ุงููุงูุน ุฎูุฑ ุุ!!,0,2022-02-17 08:34:38+00:00,0
308,@stcpay_ksa ุงูุง ุญููุช ูู ุงุณ ุชู ุณู ุจุงู ุงูู ุญุณุงุจู ุจุงูุฑูุงุถ ูููุง ููููู ูุงูุตูุช ุงูุญูุงูู !! ุงูุง ูุฒุนูุชูู ุจุดู ุุ,0,2022-02-17 08:18:09+00:00,0
309,ุงูุณ ูุฑูู ูุงูููู ูุงู ูุชู ูู ูุญุฏู ุชุจู ุชุดุชุฑู ููุชููุงุฑุฏ ููุง ุจุชูููู ุนุงููููุณ ุงูุนุตุฑ ูุงููุดููู ุงูุง ุงุญุณ ุงู ูููุณ ุงุณ ุชู ุณู ุจุงู ูู ุตุฏููู ุนุดุงู ูุฐุง ุงุตุฑููุง ุฒู ุงููุฌูููู https://t.co/TWPLLeABz7,3,2022-02-17 08:13:25+00:00,0
310,ูู ุจุนุฏ ูุงุฏุฑูุช ุงู ุงูุฏุฑ ุงุทูุจ ูู ุฌุงูุฒ ูุงุฏูุน ุจ ุงุณ ุชู ุณู ุจุงู ุตุฑุช ุงุจูุน ููุชููุงุฑุฏ ูู ูุงุฌุนุช,2,2022-02-17 08:09:37+00:00,0
311,ููุชุฑ ููุฏุฑูุงูุฏ ูุฐุง ุงูููุณู ุฃูู ูู ูุณุฎุฉ ุงูููุณู ุงููุงุถูุ ุฃุจุฑุฒ ูุงููู ุงูู ูุงุญุธุช ููุงูุณุงุช ุงูุจููู ุงูุฑูููุฉ ุฒู ุงุณ ุชู ุณู ุจุงู ูููุฑ ุจุงู ุงููู ุฃุชููู ุงููุง ุชุดุนูู ุจูููู ุจุงูุนุฑูุถุ ูุงุฎุชุตุฑ ููุง ุฒุญูุฉ ุทุงุจูุฑ ููุจ ุจุฃูุฐ ููุช ุดูููุช ูุฑูุฏ ูู ููุนู. https://t.co/SXiUysQwAA,0,2022-02-17 07:24:08+00:00,0
312,@alfarhan ูุคุงุฏ ููููู ูุณุชุนุฌููู ุชุทุจูู ุงุณ ุชู ุณู ุจุงู ูุนุทู ูู ูฃ ุงูุงู ููููููู ุชุนุงููุงุช ุงููุงุณ,0,2022-02-17 01:17:51+00:00,0
313,@stcpay_ksa ุชู ุงุถุงูุฉ ูุจูุบ 200 ุฑูุงู ูุจู ุงูุณ ุนู ุทุฑูู ุงุจู ุจุงู ููู ูุชู ุงุถุงูุชูุง ูู ุญุณุงุจ ุงุณ ุชู ุณู ุจุงู ุงูู ุงูููู ูููู ุงููู ููู ุฑุงุญ ุงููุจูุบ !!,0,2022-02-16 22:54:44+00:00,0
314,"@stc_ksa ุงูุณูุงู ุนูููู ุณุญุจุช ุจุจุทุงูุฉ ูุฏู ุงุณ ุชู ุณู ุจุงู .. 150 ุฑูุงู 
ููู ุชู ุฑูุถ ุงูุนูููู !!!
ุจุณ ุฏุฎูุช ุงูุชุทุจูู ูุฎุตูู ููู 150 ุฑูุงู !!!ุ",0,2022-02-16 20:11:50+00:00,0
315,@stcpay_ksa @alsalem2023 @hussamm378 ุฑุญู ุงููู ูุงูุฏูู ุญููุช ุนูู ุงุณ ุชู ุณู ุจุงู ูู ูููุณู ููุงูุฒูุช ุจุงูุญุณุงุจ,0,2022-02-16 17:28:23+00:00,0
316,ูู ุชูุฑูุชู ุงุฑูุฏ ูุชุญ ุญุณุงุจ ุงุณ ุชู ุณู ุจุงู ุฑูู ุงููุฑูุฑ ูููู ุฎุทุงุฃ ุงููุฏููุง,0,2022-02-16 14:32:16+00:00,0
317,@stcpay_ksa ููู ุงุชูุงุตู ูุนูู ุงุชุตู ูุงุชุฑุฏูู ุ ูุงููุจูุบ ูุณุญูุจ ูู ุงูุตุฑุงู ูููุญูู ูุงูุตู ุงุณ ุชู ุณู ุจุงู ูู ุงูุซุฑ ูู ูขูค ุณุงุนู,1,2022-02-16 14:22:17+00:00,0
318,RT @ahwak: @BMA33AWA ุบุฑูุจุฉ ุงูุตุญุงูุฉ ุฃู ุงููุคุซุฑูู ูุงูุงุนูุงูููู ูุง ุชุทุฑููุง ููุฐุง ูุฎุจุฑ ุฅููุทุงุน ุฎุฏูุฉ ุงุณ ุชู ุณู ุจุงู ู  ุงููููุณ ุงููู ุทุงุฑุช ูู ุญุณุงุจุงุฑ ุงูุนููโฆ,0,2022-02-16 14:11:39+00:00,1
319,"@BMA33AWA ุบุฑูุจุฉ ุงูุตุญุงูุฉ ุฃู ุงููุคุซุฑูู ูุงูุงุนูุงูููู ูุง ุชุทุฑููุง ููุฐุง ูุฎุจุฑ ุฅููุทุงุน ุฎุฏูุฉ ุงุณ ุชู ุณู ุจุงู ู  ุงููููุณ ุงููู ุทุงุฑุช ูู ุญุณุงุจุงุฑ ุงูุนููุงุก!

@LaughWithMedia",0,2022-02-16 14:11:01+00:00,1
320,"@Spi_Me ุฃููุง ุจู

 ุจุฅููุงูู ุฏูุน ุงูุฃุฌุฑ ููุณุชุญูุงุชู ููุฏุงู ุฃู ุจุดูู ูููุซู ุฐูู ูุชุงุจุฉ ุฃู ูู ุฎูุงู ุจุทุงูุฉ ุฑูุงุชุจ ุงูุนูุงูุฉ ุงูููุฒููุฉ.ูุง ูู ูุฑุบุจ ุงูุนุงูู ูู ุชุญูููู ุฅูู ุญุณุงุจ ุจููู ูุญุฏุฏุ

ููุงยููููู ุชุญููู ุฑุงุชุจ ุงูุนูุงูุฉ ูู ุฎูุงู ุชุทุจูู ุงุณ ุชู ุณู ุจุงู ูุงุฎุชูุงุฑ ุฃููููุฉ ูุณุงูุฏ ุนูู ุงูุชุทุจูู.

ูููู ุณุนูุฏ ๐น",1,2022-02-16 13:58:35+00:00,0
321,RT @j5iz_: @stcpay_ksa ูู ููููู ูุญูู ูููุณ ูู ุงูุงููู ุงูู ุงุณ ุชู ุณู ุจุงู ู ููุญูู ูุง ูุตูุช ู ูููุช ุงูุฏุนู ูุงููุง ุจูุฑูุน ุจูุงุบ ููุง ููู ุงู ูุงูุฏู ุงุฑุฌู ุงูโฆ,0,2022-02-16 13:50:14+00:00,1
322,@anb_bank ุงูุณูุงู ุนูููู #ุฑูู ุงูุงูุจุงู ุชุจุน ุงุณ ุชู ุณู ุจุงู ูุจูู ุงูุนุฑุจู ููู ุชุจุนูู ุงุฑูุญ ูุจูู ุงูุนุฑุจู ูุง ูุฎุชููู ูู ูููู ุชุฑุฏ ูู,0,2022-02-16 13:05:06+00:00,0
323,@stcpay_ksa ูู ููููู ูุญูู ูููุณ ูู ุงูุงููู ุงูู ุงุณ ุชู ุณู ุจุงู ู ููุญูู ูุง ูุตูุช ู ูููุช ุงูุฏุนู ูุงููุง ุจูุฑูุน ุจูุงุบ ููุง ููู ุงู ูุงูุฏู ุงุฑุฌู ุงูุฑุฏ ุงูุงู!,0,2022-02-16 12:51:20+00:00,1
324,@alrajhibank ุชู ุชุญููู ุนุจุฑ ุงุณ ุชู ุณู ุจุงู ููู ูู ุงูุณ ูุง ูุตู ุงููุจูุบ,0,2022-02-16 12:18:51+00:00,0
325,@stcpay_ksa ุงูุง ุญููุช ูู ุจูู ุนูู ุงุณ ุชู ุณู ุจุงู ูู ุงูุณ ูููุญูู ูุง ูุตู ุดู ูุนุง ุงูุนูู ุงู ุงูุฎุตู ูููุฉ ุงูุชุญููู ูู ุฑุตูุฏู ุจู ุจูู ุตุฑุช ุงูุณูุณ ุงูู ุบูุทุงู ูู ุงูุงูุจุงู ูุงููุดููุฉ ุงูู ุชุงูุฏุช ุงูุซุฑ ูู ูุฑุฉ ูู ุงูุงูุจุงู ูููู ุชููููู ูุชู ุจุชูุตู ุงูุญูุงูุฉ,1,2022-02-16 12:00:02+00:00,0
326,@stcpay_ksa ุงุถูุช ูููุณ ูู ุงูุจูู ุญูู ูููุญูุธุฉููู ุงุณ ุชู ุณู ุจุงู ูููุญูู ูุงูุตูุช ูุงุฏู ุนูููู ููุงุชุฑุฏูู!! ูุด ุงูุณูุงุฉุุ,0,2022-02-16 09:28:35+00:00,0
327,@amal00552 @asce780 @stcpay_ksa ุชูุฏุฑูู ุชุณุญุจููุง ุงุฐุง ูุงู ุนูุฏู ุงุณ ุชู ุณู ุจุงู ูุฏู ูู ุงู ุตุฑุงู.,0,2022-02-16 09:18:09+00:00,0
328,"@zaz__k ุงุณ ุชู ุณู ุจุงู 

          ุงูุถู ุจูู ุฑูููู ุชุนุงููุช ูุนู
@stc_ksa",0,2022-02-16 09:16:19+00:00,0
329,@stcpay_ksa ุญููุช ูู ุงุณ ุชู ุณู ุจุงู ุงูู ุญุณุงุจู ุจุงูุจูู ุงูุงููู ูุฎุตูููุง ูู ุฑุตูุฏู ููุง ุงุชุญููุช ุงุฑุฌูุง ุงูุงูุงุฏู,1,2022-02-16 07:41:27+00:00,0
330,@stcpay_ksa @O2e_htoon ุตุญุจุชู ุญููุช ูู ูู ุฑุงุฌุญู ุงูู ุงุณ ุชู ุณู ุจุงู ูููู ูุงูุตูุช ููุด ุ,0,2022-02-16 05:10:42+00:00,0
